{
    "si": [
        18.59355150602005,
        18.556669693560714,
        18.522861178507853,
        18.659586224530088,
        18.852815738739057,
        18.723987371743117,
        18.332287405520223,
        17.861472514498566,
        17.585753515467093,
        17.669067482591604,
        17.75637415253415,
        17.814520795518956,
        17.92092781336589,
        17.799562676636576,
        17.749847908959502,
        17.39759134472118,
        17.56339112783217,
        17.782062282657456,
        17.49258226390566,
        17.69954556731644,
        17.940500683776463,
        18.271123416982142,
        18.760415924572257,
        19.20473872022372,
        19.066077916623016,
        17.93664043676671,
        17.41839270288749,
        17.02831693493913,
        16.71436196371243,
        16.16739623372372,
        15.94319680510988,
        15.677496636464456,
        15.644907226357764,
        16.223090722175893,
        16.769174124578033,
        17.655208514894237,
        16.87634227544937,
        16.51401492401508,
        16.572507259579496,
        17.779847900280462,
        17.71817977845131,
        18.408155497174576,
        19.11154542066978,
        20.02290542287821,
        18.588351103155475,
        18.09023135912786,
        17.685141355582452,
        17.740247110332817,
        17.440528368185145,
        17.214397111979082,
        17.216000420731003,
        17.692867642738797,
        18.494975614620014,
        18.57115704187235,
        18.54938809977103,
        18.262079750204332,
        18.20514236726534,
        17.727957237311664,
        17.81225333017401,
        17.912282627668215,
        17.346937341190493,
        17.44695847931829,
        17.36822212784492,
        17.725563073215156,
        18.030014025372374,
        17.766595016313897,
        18.627389771920058,
        18.515311694054585,
        18.39360638055425,
        18.531710394007963,
        18.40220126861373,
        18.263545808153257,
        18.591494846944208,
        19.0053728021147
    ],
    "ti": [
        9.21895431857073,
        9.112938698674224,
        8.655369256451944,
        7.967446985199915,
        7.7871958803709775,
        8.224896899759557,
        8.952150874125866,
        9.634797404589543,
        10.118839526945699,
        10.436513320107553,
        10.598201498751376,
        10.422064107100711,
        11.266377920072305,
        13.280636036358088,
        14.786415948462581,
        16.63576271570304,
        17.905901726427945,
        16.667026840276694,
        15.760413059067119,
        15.219859040320163,
        14.609957056955853,
        14.468639501464926,
        13.573613025565543,
        14.145803021807657,
        16.72578678318825,
        17.858887261579053,
        17.151887760775647,
        16.052142226469044,
        16.804090611028446,
        17.399308805580393,
        17.430137454973178,
        16.48650525602276,
        15.301037545608812,
        14.419826058058213,
        12.234015545019876,
        11.414835665548143,
        14.978650272919392,
        16.588503271497704,
        16.82310554148681,
        16.27218909324644,
        16.537222603503533,
        15.910216247664435,
        14.263644821797964,
        13.494202183813947,
        15.94340632149882,
        18.40340870355749,
        15.980394877018913,
        12.470810013464565,
        11.564584558801078,
        12.678893545253981,
        14.27627683392243,
        13.59405265520263,
        15.186573538169178,
        14.807038325193362,
        12.950256597929181,
        14.019020554185031,
        17.849574570786157,
        16.12585002481931,
        12.398269803952793,
        12.687670220235464,
        11.847820759807636,
        13.32407984039918,
        14.258261159150884,
        14.157954246475416,
        13.81419915339967,
        13.246557883597491,
        12.76648478616381,
        12.944674170362992,
        12.670171760475611,
        12.39124629944634,
        12.597116299461026,
        12.303307454413185,
        12.31971764505629
    ],
    "settings": {
        "calculation_domain": "pq",
        "hdr_mode": "sdr",
        "bit_depth": 8,
        "color_range": "full",
        "eotf_function": "bt1886",
        "l_max": 300,
        "l_min": 0.1,
        "gamma": 2.4,
        "pu21_mode": "banding",
        "legacy": false,
        "version": "0.2.1"
    },
    "input_file": "NETFLIX_ElFuente_1920x1080_14296frames_2997fps_004910_004983.y4m"
}
