{
    "si": [
        30.883238073067496,
        30.908551951190027,
        30.8214638744562,
        30.823934849417935,
        30.748803725955362,
        30.71300250447833,
        30.71010378864923,
        30.70268908465864,
        30.650983722690842,
        30.623191635586466,
        30.55229528973273,
        30.51328643237821,
        30.530273426337068,
        30.47449058872695,
        30.439485948439618,
        30.366957377469454,
        30.354734262061882,
        30.29104780401582,
        30.304813256414036,
        30.258577994732725,
        30.304414314285335,
        30.25936309311402,
        30.227970285945894,
        30.229257407631533,
        30.278628560535424,
        30.228923013063273,
        30.2150719884555,
        30.156705286998225,
        30.07611595876226,
        30.102498168433222,
        30.08504976480378,
        30.033271266958323,
        30.02938055058174,
        29.994707664986553,
        29.972819479723995,
        29.972920348972345,
        29.945279731765844,
        29.895346852048377,
        29.82810304142196,
        29.744489812618077,
        29.70618286042757,
        29.717646867914226,
        29.720670503479973,
        29.665698450038285,
        29.62551500606726,
        29.61989244206511,
        29.648192323381025,
        29.61667455107686,
        29.594631252504207,
        29.55489486277279,
        29.540665754536665,
        29.500920971147394,
        29.492068708232363,
        29.474450523765018,
        29.44691246235604,
        29.34256686045398,
        29.352516908277316,
        29.303843582754805,
        29.299434672959087,
        29.26427929126713,
        29.229495736574655,
        28.4973173895836,
        27.11318095994497,
        25.845185018604305,
        24.69612627881597,
        23.737613000817237,
        22.80252726232537,
        22.118896709638015,
        21.710592386106757,
        21.63105080790968,
        21.757893996260457,
        22.028950233408878,
        22.559136537374712,
        23.284929203260134,
        24.104264606905318,
        25.28373845474298,
        26.444276269447606,
        27.775735175875887,
        29.326072084673406,
        30.728618629473704,
        32.110254613229785
    ],
    "ti": [
        2.519807876888897,
        2.675603356177451,
        2.6146544071414386,
        3.0804354056666927,
        3.417488890239163,
        2.82597144424002,
        2.632677682946544,
        2.668799700489072,
        3.09116947726427,
        3.357392458409183,
        3.0131409415628325,
        2.915175926112831,
        2.6659729632550166,
        2.4887789716012847,
        2.6758623243739286,
        2.6744160959227896,
        2.621133701102987,
        2.9022589740252034,
        2.4888187515750446,
        2.8551487268952043,
        2.640135497740627,
        2.685772855354161,
        2.528111693557264,
        2.496744680506859,
        2.5239374056397432,
        2.5277736178561017,
        2.5647359242194097,
        2.5739751286418198,
        2.6535308998888367,
        2.728380518801126,
        2.620277550168872,
        2.567851847052946,
        2.5855084804369834,
        2.932173953466601,
        3.045929141551721,
        2.859627222735511,
        2.574108798361497,
        2.603062341991443,
        2.7299251192608285,
        3.2022931896380644,
        3.324754179333826,
        3.1107114068175377,
        2.65530552346116,
        2.5661291469310785,
        2.861194978414253,
        3.1149766648185175,
        2.7294491487524666,
        2.4525603066081723,
        2.8684120368068564,
        2.907273312484921,
        2.846001849016392,
        2.672826665294497,
        2.5390493984424234,
        2.5165482171075784,
        2.519314035382432,
        2.491947313270915,
        2.5082288647268958,
        2.5221885393342167,
        2.476163608294418,
        2.503883606506559,
        2.730344073994802,
        3.1827848786452235,
        3.1913192431684285,
        3.113701363950012,
        3.280335010929633,
        3.6113202307641763,
        3.790372718909882,
        3.941004513021379,
        3.6856467805708877,
        3.0989488521461346,
        4.006428936346024,
        4.048621999437049,
        4.004035003551878,
        4.060472556082259,
        4.85028523461577,
        4.8342544164485295,
        5.559516975585335,
        6.0570277133336585,
        4.989310226426955,
        3.890248586412006
    ],
    "settings": {
        "calculation_domain": "pq",
        "hdr_mode": "sdr",
        "bit_depth": 8,
        "color_range": "full",
        "eotf_function": "bt1886",
        "l_max": 300,
        "l_min": 0.1,
        "gamma": 2.4,
        "pu21_mode": "banding",
        "legacy": false,
        "version": "0.2.1"
    },
    "input_file": "NETFLIX_ElFuente_1920x1080_14296frames_2997fps_012316_012396.y4m"
}
