{
    "si": [
        21.22334499349845,
        21.428264909957726,
        21.834224091354823,
        21.558058471516574,
        22.071743234916894,
        22.04493377975133,
        22.5325228949957,
        22.653785907750297,
        22.50274937051097,
        23.076044161508474,
        22.80741319996843,
        22.664583754717643,
        22.50878370120825,
        22.246087592960002,
        22.55732965213235,
        23.093044027952303,
        23.543312605609046,
        23.664250401381768,
        23.465076220695888,
        23.399301997582647,
        23.16907336996389,
        23.346943638299166,
        23.184507304089067,
        23.510921380484817,
        23.650333836152388,
        24.012204065689858,
        23.704240289868416,
        23.40159340520136,
        23.816661661670707,
        23.279682001920868,
        23.413683361596405,
        22.981520300375838,
        23.183960772440848,
        23.053318960555032,
        22.927619137547875,
        22.960688864492408,
        23.592821365210956,
        23.59659615018548,
        23.71523673292265,
        23.774499915015284,
        24.2309662290684,
        24.874859700142473,
        25.005199086554246,
        25.526361839933283,
        25.762642565345093,
        25.9061826684938,
        26.43391306165211,
        27.074961117380134,
        26.64765720085186,
        27.00011672329071,
        27.28003344399549,
        27.19344296885385,
        26.811402568624445,
        26.989795018141976,
        26.263883925966734,
        23.878235919744267,
        22.657729768447847,
        21.908439662035033,
        21.37774615929023,
        20.550950865955073,
        18.947174825857665,
        18.383309260985353,
        17.784833994866936,
        17.29292864295574,
        16.94287821773169,
        16.767216318815397,
        16.58165841993067,
        17.015407680843584,
        17.363032610147165,
        17.808106356410416,
        18.52722591726758,
        18.83717187485185,
        19.454165291723783,
        19.71672965574137,
        20.811188670177014,
        21.155913513329647,
        21.5028222424415,
        22.177940749066433,
        23.398487263357037,
        24.292208325610627,
        26.18263579991843,
        27.60209551521371
    ],
    "ti": [
        17.694871957502766,
        17.090331944016445,
        17.233582030128474,
        17.24686515295474,
        16.783296388677666,
        16.754099480507197,
        16.138743593199337,
        16.63965563170364,
        16.44010118706963,
        16.28903490347727,
        16.842900140114757,
        17.22391420006769,
        17.67646887875776,
        17.932893198413325,
        17.86261162148468,
        17.77249504374416,
        17.988806742483728,
        18.093437033299118,
        18.382683348843404,
        18.74083375769228,
        18.709500668360572,
        18.90180509003622,
        18.809588820059865,
        18.734679175457405,
        18.67262730290112,
        18.93016534955046,
        19.524255478526786,
        19.31361999855406,
        19.2377130140487,
        19.444861869373522,
        19.441815927028575,
        19.607937445116853,
        19.573925353312916,
        19.900828945105516,
        20.104097376528102,
        19.97498680864383,
        19.507516605986428,
        19.648264527974554,
        19.690737290074544,
        19.926221739752812,
        19.797925242452543,
        19.82090044306809,
        20.106015439279677,
        20.13654839736998,
        20.509492126853633,
        20.491242026618036,
        20.042432808552864,
        20.181187602095157,
        20.457981186515763,
        20.121851056834032,
        20.481956326453577,
        20.079593012960117,
        18.767025142144266,
        15.712722369110589,
        15.765646435842488,
        15.722858519905087,
        14.72582263798127,
        13.238808204099724,
        11.975573480883506,
        12.669647491068742,
        12.646688642462557,
        12.316191449505158,
        12.05072791371442,
        11.912362983510732,
        11.47758595222544,
        11.665336371491794,
        11.38367675990349,
        10.949407979565095,
        10.94542136748578,
        10.71869086213201,
        10.410368327508024,
        11.051711864562547,
        11.568978087746352,
        12.057902557675064,
        11.664861783598615,
        13.761482312372715,
        14.23387401882008,
        14.900036634187735,
        15.032806383900379,
        15.47728354310766,
        13.040296663639156
    ],
    "settings": {
        "calculation_domain": "pq",
        "hdr_mode": "sdr",
        "bit_depth": 8,
        "color_range": "full",
        "eotf_function": "bt1886",
        "l_max": 300,
        "l_min": 0.1,
        "gamma": 2.4,
        "pu21_mode": "banding",
        "legacy": false,
        "version": "0.2.1"
    },
    "input_file": "NETFLIX_ElFuente_1920x1080_14296frames_2997fps_009407_009488.y4m"
}
