{
    "si": [
        12.334353773031097,
        12.515994364326543,
        12.666847570719519,
        12.918065743462586,
        13.315579118891554,
        13.644758793084513,
        13.928635296678555,
        14.02556480957471,
        14.35287886147021,
        14.702868765791695,
        14.992793686664774,
        15.3980065429491,
        15.614670044344741,
        15.931397823253905,
        16.08579103442199,
        16.451470159381184,
        16.619056902344383,
        17.083546313317715,
        17.268466023382466,
        17.47694303572027,
        17.720433066644976,
        18.044196858510553,
        18.335913542975916,
        18.662977849350032,
        18.765043281588053,
        19.323932175390294,
        19.528043769517097,
        19.47481453348744,
        19.51879187175072,
        19.92948137125522,
        19.675912037729116,
        19.63944146754302,
        20.183073411448643,
        20.79215110045348,
        21.210915512192575,
        21.768537471099,
        21.781036602716252,
        22.088715721241435,
        21.368713464030293,
        21.782682073746166,
        21.577557037174714,
        21.804831170819412,
        22.041425031874237,
        22.099783762485547,
        21.873203358846258,
        21.926863921566373,
        21.757740997701163,
        21.27480768930318,
        20.762228622263887,
        20.04575329550344,
        19.429572382255124,
        19.36865714856088,
        19.537480017830354,
        18.88607253861084,
        18.020223922403023,
        17.553828638423706,
        17.205038894585314,
        16.964777790301923,
        16.928668985197927,
        17.072355461699757,
        17.511865008691753,
        18.287198760581337,
        18.706491852189593,
        19.440966785403408,
        20.31192598611899,
        21.136721492661994,
        22.35373600397458,
        23.41650105723862,
        24.593358735592993,
        25.734124624364867,
        26.87892181157402,
        28.159800314011893,
        29.3020901403091,
        30.594850319720706,
        31.767017294354222,
        33.20194997903216,
        34.520324153235265,
        35.85573739226794,
        37.14417143047333,
        38.43439034077932,
        39.67747720455542
    ],
    "ti": [
        10.281973265997198,
        10.751694337157408,
        10.999938569707556,
        11.110143628881726,
        11.324176121154709,
        11.679177203420124,
        12.119206264876832,
        12.303647088509207,
        12.551679049422765,
        12.808754976830814,
        12.906009472257669,
        13.253291494893176,
        13.622918812567509,
        13.128962426924625,
        13.226061967542094,
        13.216039781213594,
        12.545473943837768,
        12.304258963061777,
        11.869762713624644,
        11.137113591422908,
        10.819136421629835,
        11.07869469158793,
        11.572686585635015,
        11.627329559203966,
        12.207627361946676,
        12.195906261748268,
        12.243959289974002,
        12.499911811576746,
        12.673210348907938,
        13.152634731919546,
        13.71500542214375,
        14.213848241897038,
        14.584297063155901,
        14.768567781801746,
        14.83230983685242,
        15.589992993003383,
        16.311358875137373,
        16.62051683063269,
        16.952831917320246,
        17.394242466669073,
        17.434725083420975,
        17.861800398453997,
        18.34776426150889,
        18.811858235971975,
        19.361895027872936,
        19.797815429892438,
        19.95514163695612,
        20.114553365272215,
        20.208835192290156,
        19.972543762597976,
        20.100567773241256,
        20.378975714627803,
        20.376880860537554,
        20.164009676302037,
        19.92380009935044,
        19.42517383117273,
        19.13197004310691,
        18.77631711674975,
        18.390801553969133,
        18.297245320237806,
        17.888670012590023,
        18.131009748453113,
        17.7571046131893,
        17.429645009752473,
        17.527234822508664,
        17.31665031864829,
        16.930818023863342,
        16.956215386299366,
        17.595766690421875,
        17.877762534497037,
        18.79355524505359,
        19.381177575382978,
        19.75800851491893,
        20.252730070418124,
        20.673168135077354,
        21.053130777278447,
        21.557055032932645,
        22.20423897681229,
        22.56557012490582,
        23.139258609193558
    ],
    "settings": {
        "calculation_domain": "pq",
        "hdr_mode": "sdr",
        "bit_depth": 8,
        "color_range": "full",
        "eotf_function": "bt1886",
        "l_max": 300,
        "l_min": 0.1,
        "gamma": 2.4,
        "pu21_mode": "banding",
        "legacy": false,
        "version": "0.2.1"
    },
    "input_file": "NETFLIX_ElFuente_1920x1080_14296frames_2997fps_007362_007442.y4m"
}
