{
    "si": [
        41.18477445262298,
        41.07547364226714,
        40.94046284020245,
        40.864880239127466,
        41.150825287734975,
        41.21552904653083,
        41.204845815818,
        41.09442317599816,
        40.96331744922271,
        41.05985346113386,
        41.23270114290359,
        41.22363157882112,
        41.027457727605004,
        40.79459155319467,
        40.80517236874809,
        41.12610280960437,
        41.34291879290271,
        41.171738890969976,
        41.03767481736339,
        40.7992295918771,
        40.71846313954259,
        40.86712295158795,
        40.78178392478032,
        40.793383052509164,
        40.967136289718766,
        41.15121922203993,
        41.0082961441043,
        40.73616055408563,
        40.86091676222653,
        41.10638506291021,
        41.13326664394307,
        41.02745099524378,
        41.04109145786899,
        41.12657934299021,
        41.03553404338138,
        40.90225558844867,
        40.891410528895705,
        40.994541727362154,
        40.73945606942542,
        40.72346226974889,
        41.07155601981161,
        41.10979738084554,
        41.01740171789628,
        41.00074454094652,
        41.06662971733504,
        41.07670679621223,
        40.65774245315256,
        40.13729688346687,
        39.71507131700446,
        39.672557213522424,
        39.97508007395137,
        40.0553668606929,
        39.83132254642016,
        39.504213221894105,
        40.13337057796019,
        40.56354854637464,
        40.658567933978325,
        40.818447681509944,
        40.856042279478785,
        40.81400927552057,
        40.74297313126422,
        40.8121602359977,
        40.95128301317376,
        40.9274474660017,
        40.733872914855716,
        40.616826239538426,
        40.566112926569026,
        40.476881210407825,
        40.45729826233138,
        40.55127378483373,
        40.61957371794618,
        40.54457398762886,
        40.5215309668357,
        40.659204048156155,
        40.70005258149098,
        40.54790887126148,
        40.45545511236731,
        40.45462487383137,
        40.54923286899319,
        40.629843278094235,
        40.58005903964405,
        40.55022955615794,
        40.569119451487694,
        40.457368999130814,
        40.35980185619258
    ],
    "ti": [
        13.28767808954665,
        14.691912938196241,
        13.981097175869836,
        10.531976459956367,
        7.8933601219106455,
        7.608384488695375,
        4.809085981698584,
        7.876482592793858,
        11.173971867392563,
        11.223981765762467,
        10.288946965155109,
        12.85735043978939,
        16.564689397074826,
        17.788789825608237,
        15.59875395046464,
        5.678349407447427,
        12.216659331648273,
        13.6526330127336,
        11.679887520117589,
        13.326506390765537,
        8.55341940242834,
        8.754592316736572,
        15.665786470274881,
        15.17910631631186,
        9.186709917407484,
        9.692742572246724,
        16.34243918650037,
        17.967072718579278,
        14.394197683591191,
        9.016185932458761,
        6.1278422075717875,
        4.98618199987302,
        4.911520259632032,
        8.325027066099704,
        12.801450286433756,
        12.44805984701109,
        10.705000275074271,
        12.393412948359483,
        14.9222003365084,
        13.689557239679521,
        8.047057489215225,
        6.875672765226344,
        5.028320502939124,
        5.74319788122281,
        9.597346842335096,
        15.684409782233319,
        19.98209919331845,
        21.88686620229559,
        22.27113406120169,
        20.366500658261206,
        13.405535930720111,
        11.608097144756107,
        20.707040548772802,
        20.76961729230337,
        15.778369639111165,
        11.363861471638758,
        11.5520905153455,
        5.321081686467038,
        13.331149577223027,
        17.305248992325463,
        15.423616462702967,
        10.926188221512797,
        10.398480142080452,
        12.744826868581933,
        13.309928626757962,
        15.907041927832624,
        17.096110720452636,
        16.14893652875738,
        14.929008658668549,
        12.944179544974729,
        7.904901925293189,
        6.648462289702434,
        7.1244590115353565,
        8.97263914813344,
        8.923561568724615,
        9.092906387251423,
        5.632955735090652,
        4.474537056307947,
        3.6177871685082232,
        4.622043003021378,
        10.24225414574185,
        9.183026530921227,
        6.3305311383573,
        7.480560642091132
    ],
    "settings": {
        "calculation_domain": "pq",
        "hdr_mode": "sdr",
        "bit_depth": 8,
        "color_range": "full",
        "eotf_function": "bt1886",
        "l_max": 300,
        "l_min": 0.1,
        "gamma": 2.4,
        "pu21_mode": "banding",
        "legacy": false,
        "version": "0.2.1"
    },
    "input_file": "NETFLIX_ElFuente_1920x1080_14296frames_2997fps_007534_007618.y4m"
}
