{
    "si": [
        19.265717188683258,
        18.898516999593504,
        18.921399795160294,
        18.931037665282144,
        18.984967513727927,
        19.13883058647151,
        19.114235134476303,
        19.198886853903833,
        19.024093475451302,
        18.97555190745523,
        18.734375662442773,
        18.837149438988188,
        19.09116271239417,
        19.34923814556488,
        19.613479592673396,
        19.63451749129958,
        19.39518695149334,
        19.228451162371034,
        19.21194702231166,
        19.143974478681965,
        19.371888703531468,
        19.424529222183534,
        19.335819580493308,
        19.332033925522015,
        19.242844125188782,
        19.17908981915179,
        19.275776119660794,
        19.458103885670575,
        19.68777917276049,
        19.528381112113408,
        19.321558825135597,
        19.381313119808887,
        19.283562398276548,
        19.407038889788552,
        19.558260750332078,
        19.55076071906285,
        19.52252841929952,
        19.560508963879908,
        19.520382895124094,
        19.45222153640072,
        19.327100187850718,
        19.385056548264796,
        19.722476448735865,
        20.168682650145104,
        20.177446042444195,
        20.555696032809482,
        20.38070598010627,
        20.01996880605329,
        19.760564867838617,
        19.918628164757163,
        19.758446171888465,
        19.828904433874666,
        19.96235421164233,
        20.095602863916035,
        20.171404361953464,
        20.092249350888515,
        20.175391714326757,
        20.168404869162824,
        20.07919981348598
    ],
    "ti": [
        9.156180721839698,
        9.279606322437523,
        10.286756418747641,
        8.274579836946263,
        5.83057970151442,
        7.540424238251587,
        8.374366581747637,
        8.0624536234501,
        8.449433943738732,
        9.806679851294708,
        8.638597728671405,
        6.264142147317317,
        6.519395716766285,
        6.648741158689316,
        7.312429461332339,
        6.643981544248623,
        8.319670428126205,
        9.758460481916174,
        9.80993762349978,
        8.574781946563284,
        7.308953141611525,
        8.345772097721309,
        9.364567958489133,
        11.382044413413064,
        11.606232929036612,
        11.300300663925213,
        10.05039127236565,
        9.679317253695169,
        8.470900490974577,
        8.980876062698902,
        9.193137593508542,
        9.771773956717686,
        7.828584974227224,
        6.9240055307984,
        7.280036911055247,
        8.073836446345904,
        8.721394365910419,
        8.327242905464216,
        9.635101170963393,
        9.395271646786167,
        8.349523864974419,
        6.549758911924301,
        7.083424999654594,
        8.125414132354544,
        8.478487159570701,
        7.24950784291243,
        9.03833449011272,
        8.435116799506595,
        8.703642052055509,
        8.725893307836449,
        8.42579407636517,
        7.480456400916902,
        6.213668694138628,
        5.441490748285526,
        5.156572170832934,
        4.133296486395231,
        4.867394255754024,
        5.2727573002406345
    ],
    "settings": {
        "calculation_domain": "pq",
        "hdr_mode": "sdr",
        "bit_depth": 8,
        "color_range": "full",
        "eotf_function": "bt1886",
        "l_max": 300,
        "l_min": 0.1,
        "gamma": 2.4,
        "pu21_mode": "banding",
        "legacy": false,
        "version": "0.2.1"
    },
    "input_file": "NETFLIX_ElFuente_1920x1080_14296frames_2997fps_004528_004586.y4m"
}
