{
    "si": [
        34.88956551290167,
        34.80272855238962,
        34.79913406495438,
        34.903700054699655,
        34.77987785609414,
        34.86095784921242,
        34.86313329020717,
        34.790413229501404,
        34.81386324737711,
        34.805334051555,
        34.76394416373344,
        34.837780494797265,
        34.73824921997268,
        34.512449879249154,
        34.51469254137124,
        34.54542230687665,
        34.446075572497215,
        34.391453964245265,
        34.42742154535125,
        34.426340484456716,
        34.4395727205918,
        34.44034304000681,
        34.45305191027975,
        34.39850204792114,
        34.400117993692476,
        34.51250655177901,
        34.50274800935494,
        34.339763662719854,
        34.24875978458299,
        34.19381937705249,
        34.17933766921609,
        34.197762410501575,
        34.294764080006296,
        34.296540594814886,
        34.21041953312442,
        34.14078761790038,
        34.21114709593653,
        34.10697802093637,
        34.07691617282551,
        34.172205991257826,
        34.26564475429931,
        34.23518721997944,
        34.19179412562583,
        34.31213824714091,
        34.25284794315092,
        34.17488135135139,
        34.04763285199477,
        34.113387143580525,
        34.210632344230454,
        34.28874172342159,
        34.36402949321184,
        34.35103402098453,
        34.34653284144883,
        34.32553541147762,
        34.37037991209994,
        34.384640558151105,
        34.33795609499418,
        34.32160703380551,
        34.334099327752476,
        34.40808678783417,
        34.51304105519058,
        34.50522205259937,
        34.47800066024059,
        32.98557262982444,
        31.502300621700762,
        30.075246583721675,
        28.75780627325841,
        27.53288346810836,
        26.52306681678937,
        25.654646936324053,
        24.962977696600404,
        24.52268438526298,
        24.311035761851205,
        24.349270840148343,
        24.680097022649313,
        25.31664796569396,
        26.158221149245964,
        27.207190636455874,
        28.514230106873292,
        29.969142986057538,
        31.506147218415713,
        33.1903518227201
    ],
    "ti": [
        13.151975113168481,
        13.411470620586003,
        13.158522657610222,
        13.062169045810252,
        13.216048424850788,
        12.809297653509148,
        13.046788029172834,
        13.154016803566227,
        13.072096965337883,
        13.22369268807379,
        13.126877737082737,
        13.143823836096342,
        13.864853491575577,
        14.177684834014984,
        13.919679189036598,
        14.010454206085868,
        14.388311365971603,
        14.318154847352345,
        14.271330453115885,
        14.162180524024938,
        14.090846645516905,
        13.960724433680014,
        13.752676387829501,
        13.66386531279437,
        13.30831000734664,
        13.044766997273328,
        13.296162429007635,
        13.664639849592998,
        13.801312082810696,
        13.855782189493034,
        13.881173777066468,
        13.556577930997646,
        13.49926735319383,
        13.693098895449337,
        13.888344165132475,
        13.864243569713766,
        13.738029117649193,
        14.028706382715782,
        14.107386250761335,
        13.982652118714247,
        14.017319461451311,
        14.320376434073953,
        14.39373059680399,
        14.470899444523711,
        14.85409219201464,
        15.02717855129793,
        15.11492415816223,
        14.86713658305095,
        14.790218249079217,
        14.631677229050196,
        14.51617707487071,
        14.48283420232956,
        14.501404084191611,
        14.538230718308432,
        14.520475347614243,
        14.662110032536656,
        14.90940548450137,
        14.936810431919376,
        14.907297320139746,
        14.667352612617568,
        14.741428184608342,
        14.844535436276587,
        14.466304335809468,
        13.602501974127303,
        13.139737379480296,
        12.353679333802221,
        11.625930371052934,
        11.049825443305155,
        10.688332302971476,
        10.162013156988996,
        9.5505984481458,
        8.841527351801961,
        8.389447706209543,
        7.958923166435885,
        7.410574769848106,
        6.561437554634484,
        5.831456832582824,
        5.210314746438715,
        4.91706719583734,
        5.0913622780817,
        5.850887727445588
    ],
    "settings": {
        "calculation_domain": "pq",
        "hdr_mode": "sdr",
        "bit_depth": 8,
        "color_range": "full",
        "eotf_function": "bt1886",
        "l_max": 300,
        "l_min": 0.1,
        "gamma": 2.4,
        "pu21_mode": "banding",
        "legacy": false,
        "version": "0.2.1"
    },
    "input_file": "NETFLIX_ElFuente_1920x1080_14296frames_2997fps_001264_001345.y4m"
}
