{
    "si": [
        11.614845617277883,
        11.42289129236334,
        11.198401504081053,
        10.986245225008673,
        10.766481134944382,
        10.50735870077845,
        10.258923918257533,
        9.971604870237984,
        9.819395078443526,
        9.624791896869507,
        9.56883007154149,
        9.64411926917073,
        9.632131234277361,
        9.777495023436956,
        9.783524457573218,
        9.708780290968985,
        9.658843198606851,
        9.666217405546284,
        9.769195468247496,
        9.955537526564884,
        10.009329559180125,
        10.116128204323314,
        10.260113602995673,
        10.510798505357775,
        10.823300635221209,
        11.060834302764532,
        11.353140233049526,
        11.601732558694414,
        11.899444123789321,
        12.157378323583107,
        12.450299996719405,
        12.76251206185535,
        13.052435308015237,
        13.287611776614142,
        13.611261209914087,
        13.845411225452011,
        14.054947446839735,
        14.26993897424071,
        14.398399250238443,
        14.49622594834975,
        14.706556846998678,
        14.835874952899855,
        14.800827833773383,
        14.87501794046478,
        14.953834837014744,
        14.826260756007722,
        14.867991124921893,
        14.851857260284879,
        14.812122164510305,
        14.800917967515893,
        14.746190592210565,
        14.662092149340253,
        14.602681564684538,
        14.567998963225808,
        14.530531683319163,
        14.488015957026052,
        14.351631590266827,
        14.23738118785472,
        14.182866622186081,
        14.137359665241553,
        14.091276218488472,
        13.975080197639038,
        13.842409340886944,
        13.67092932844001,
        13.511334378734345,
        13.416505618934432,
        13.243251321376032,
        13.04981676454192,
        12.95023607698177,
        12.861911421823905,
        12.826458462219062,
        12.82834315819803,
        12.736222284371832,
        12.72110136073898,
        12.762165928641092,
        12.728792401830272,
        12.719921929905954,
        12.620970092603816,
        12.657014951820441,
        12.763963580428163,
        12.89915225635323,
        12.934985217685673,
        12.971081507837868,
        12.989875805544337,
        12.91769903710118,
        12.850111261792943
    ],
    "ti": [
        3.9500431540119605,
        3.934998227121671,
        3.8852089685262428,
        3.9115968595974833,
        3.952810511259508,
        3.948076812606441,
        3.827338529405222,
        3.6442365154858503,
        3.519017807637111,
        3.3454052367591505,
        3.3226087858127764,
        3.286426693228018,
        3.3623887169244484,
        3.2837202015015827,
        3.292633876228995,
        3.2662872359965744,
        3.274324212936087,
        3.253977527894029,
        3.291476298397239,
        3.3111516011167894,
        3.321590206672383,
        3.346283701114055,
        3.3925380712322015,
        3.4622518456019566,
        3.504596888998949,
        3.5839705150224117,
        3.681955384763805,
        3.808446748294532,
        3.9074616357788607,
        3.9906992050304866,
        4.077675422390897,
        4.177385517924423,
        4.075354080913963,
        4.162184850331889,
        4.301903265762903,
        4.298436159677749,
        4.253891285101706,
        4.1655993547930885,
        4.1343697356122755,
        4.214189237598622,
        4.29465507721682,
        4.31976346300862,
        4.270365284715161,
        4.21768995619355,
        4.162038771027082,
        4.121859188652296,
        4.1271234836625075,
        4.133115214288559,
        4.0828263702979015,
        4.054287226191171,
        4.044536628918119,
        4.00487054953446,
        3.9786346587547112,
        3.97996693309524,
        3.9487686280612033,
        3.9430195435840596,
        3.9680145150658253,
        4.003549772870342,
        3.9543389048449322,
        3.9121409751859924,
        3.9503259909043615,
        3.9378772356532736,
        3.8913052144298406,
        3.8847242291423916,
        3.8417792246402156,
        3.807666406992434,
        3.8002827999868822,
        3.7704517454532396,
        3.764144916943354,
        3.8034305732023004,
        3.8823004646721495,
        3.8351785013687976,
        3.7599653524862013,
        3.8265277587470976,
        3.8277222644408933,
        3.888421617340606,
        3.9721629728046834,
        3.986385802618661,
        3.906803790351655,
        3.9486030563725523,
        3.9302687379638264,
        3.978344510336758,
        4.041319594899324,
        4.100918971448871,
        4.232700461188012
    ],
    "settings": {
        "calculation_domain": "pq",
        "hdr_mode": "sdr",
        "bit_depth": 8,
        "color_range": "full",
        "eotf_function": "bt1886",
        "l_max": 300,
        "l_min": 0.1,
        "gamma": 2.4,
        "pu21_mode": "banding",
        "legacy": false,
        "version": "0.2.1"
    },
    "input_file": "NETFLIX_ElFuente_1920x1080_14296frames_2997fps_006664_006749.y4m"
}
