{
    "si": [
        20.09626935156667,
        20.1865406269814,
        20.057680523586853,
        20.027714787821672,
        20.034456538261527,
        19.85478349149735,
        19.75085084598915,
        19.758095087103886,
        19.781448415071903,
        19.86659425052387,
        19.872748847083034,
        19.79513597029381,
        19.74151995467134,
        19.914093125438413,
        19.933974674416895,
        19.494251879338634,
        19.41552747514355,
        19.439939415543588,
        19.644740892163657,
        19.451696344338938,
        19.39655531057689,
        19.616018854285546,
        19.5673276733995,
        19.58783699086917,
        19.831126430146107,
        19.904377184126993,
        20.056486848419983,
        19.99668331194685,
        19.893399561223013,
        19.947027885151872,
        19.854313786593384,
        19.687608346847306,
        19.549519236952577,
        19.427141699902215,
        19.573091750933575,
        20.17689166309625,
        20.256527052127144,
        20.26795928738866,
        20.361937786088912,
        20.224449161870254,
        19.792861794233506,
        19.761646960254122,
        19.79095599986333,
        19.712530737223428,
        19.784724271581354,
        19.789065061520844,
        19.93836417397409,
        19.831635298157593,
        19.98398164403658,
        19.833288048386272,
        19.934612920327286,
        19.90818866934427,
        19.744655045305638,
        19.92456163849816,
        20.190113062861105,
        20.000771559993595,
        20.025021989697123,
        20.02490239051167,
        19.913412183910722,
        19.981879582805988,
        20.065483914090937,
        20.321701369635164,
        20.548149722939918,
        20.26834329216342,
        20.260445954624902,
        20.239834659530008,
        20.12371246770285,
        20.097944014422882,
        20.438486197965187,
        20.304948089101966,
        20.315989649092607,
        20.381434725012692,
        20.442960634717974,
        20.09987513870601,
        20.139470547517938,
        20.204178407738564,
        20.430275939275532,
        20.348836872789654
    ],
    "ti": [
        8.244749425785427,
        7.718916598057567,
        9.192661303699227,
        10.78069536950812,
        11.14966606810872,
        10.56182084780305,
        9.80481242599297,
        7.868757712817253,
        8.61046293933717,
        8.841690691961642,
        9.260407505584014,
        8.261130664213354,
        6.992414124774446,
        5.504332837794636,
        8.18486457272694,
        9.81478301779998,
        9.511719973566418,
        8.390337275109518,
        7.938993980546764,
        8.6202599124671,
        9.546200100071598,
        10.358807049868926,
        10.87765208276062,
        10.386941824074492,
        8.536684320861472,
        7.465199898910524,
        9.01111650834985,
        10.803028121963555,
        11.761857420016083,
        11.113711978314031,
        10.117734271261922,
        9.569419411261059,
        9.868632390465988,
        10.58929333639563,
        10.329060643853804,
        8.88847098386185,
        7.127226257123006,
        8.63272402710275,
        7.92118172483296,
        10.62733088371383,
        10.714292045516615,
        9.660635122971744,
        9.47910443304156,
        8.762970951270404,
        8.915684937276646,
        8.678850577694828,
        9.257940179357329,
        9.389535029487185,
        8.239320396456446,
        8.20332722037663,
        7.574680716240886,
        9.191166377855033,
        11.596959567071812,
        10.383308551755428,
        9.479268917843395,
        9.226494461877149,
        9.994563759730836,
        10.193243428561843,
        11.051659385170828,
        10.998208355393393,
        12.770090907749271,
        10.68548047498096,
        10.616440954630013,
        10.91016407108569,
        10.650623271096267,
        10.606169527396819,
        12.08477197458,
        13.566343527196297,
        13.029259245406292,
        11.956574197429207,
        9.959114317288824,
        9.788024336549782,
        10.155360082681247,
        9.89936728075397,
        8.246117218623919,
        7.258344693180049,
        8.388985919166025
    ],
    "settings": {
        "calculation_domain": "pq",
        "hdr_mode": "sdr",
        "bit_depth": 8,
        "color_range": "full",
        "eotf_function": "bt1886",
        "l_max": 300,
        "l_min": 0.1,
        "gamma": 2.4,
        "pu21_mode": "banding",
        "legacy": false,
        "version": "0.2.1"
    },
    "input_file": "NETFLIX_ElFuente_1920x1080_14296frames_2997fps_004984_005061.y4m"
}
