{
    "si": [
        13.583298620065271,
        13.699722105926229,
        13.151328219691877,
        12.895804701428133,
        12.926365060923168,
        13.264418519265071,
        12.935378776882303,
        12.636056317727386,
        12.460455644436152,
        12.433453178904736,
        12.113675068253677,
        12.427176850704809,
        12.19088920019143,
        12.182087836917216,
        12.831483802999431,
        13.800936938186931,
        14.419245667812582,
        13.90229474073727,
        13.663994305495256,
        13.59346041579462,
        13.696743938114524,
        13.950472189213894,
        14.612751021261152,
        14.766636176504658,
        14.401414341872046,
        14.082253447064707,
        13.946990288493053,
        14.128972099469957,
        14.276612172977483,
        14.591773425890922,
        14.868225734196029,
        15.036003231008317,
        15.289566705032353,
        15.480842379008562,
        15.009659216257152,
        13.513880116719141,
        13.257445380035373,
        13.335802285034656,
        13.596122872962392,
        14.074479048013524,
        13.497169512780895,
        12.446702759213304,
        12.286614518836044,
        12.340249509710011,
        12.204862844609329,
        12.254448493171664,
        12.6064196765314,
        12.796514148503558,
        12.47328331561959,
        12.405190737663613,
        12.523693459226218,
        12.312758013720401,
        12.380052226826809,
        12.323547825723324,
        12.18668952510741,
        11.954332021124422,
        11.662654042754617,
        11.59476471113473,
        11.811287912593928,
        12.01207644962007,
        12.410320187716078,
        12.583521012756616,
        12.478650393509053,
        12.982415343846496,
        13.341939361560355,
        13.773796382858105,
        14.061695894155063,
        14.146578086150255,
        14.257535775043557,
        14.193401029308813,
        14.265877604355818,
        14.143954576060107,
        14.173293802397739,
        14.480043600581636,
        14.811083627000134,
        15.308690146275776,
        15.93580098314147,
        14.831769438641786,
        13.84263655963287,
        13.432652118212655,
        13.434932555673116,
        13.702683436848115,
        13.957982854538992,
        14.537508355754394,
        15.485176333530347,
        16.898407468258423,
        18.73030856362992,
        20.82692871845607
    ],
    "ti": [
        11.976001567925417,
        11.460886255173529,
        11.369584761206788,
        11.320068073169875,
        11.41604340931541,
        10.432870897762735,
        11.755389329400712,
        12.27325451022143,
        11.471667027020008,
        11.017089099044506,
        11.383152269884924,
        12.280855300210694,
        12.758245958054584,
        12.783009306577112,
        12.411237096349984,
        11.540528175028566,
        11.715109528980461,
        12.388564956633203,
        12.410384978955706,
        11.04215185852021,
        10.675157769350092,
        10.421698257094091,
        9.390220738119321,
        9.637046950440315,
        10.253725196299245,
        10.537242152559738,
        11.257354999486264,
        10.756688230921966,
        10.300785475744954,
        9.524867441510487,
        8.651649571347363,
        8.076331704512352,
        7.153188838058592,
        7.050138123519469,
        8.124412035026463,
        8.203106640277007,
        7.4919599210205226,
        7.008682518801537,
        6.167430879814472,
        6.086792294209032,
        7.133321555319358,
        8.6869856873391,
        10.277904135749402,
        12.346730897920915,
        12.181472433360073,
        11.333785733430995,
        10.451225578044467,
        10.223566390187509,
        9.437286912542186,
        8.412103411917093,
        6.591763721716734,
        5.732291640558535,
        5.937676266616386,
        6.40522083931477,
        7.076211372142742,
        7.627551890543321,
        8.364512832916903,
        8.489864526538394,
        8.673595974256877,
        8.510026695194274,
        7.657987103148744,
        7.980907939929685,
        8.188441023372013,
        8.363775399226336,
        8.172465629780731,
        7.737254482424879,
        8.070815627704754,
        8.097587660874986,
        8.273662731292744,
        8.685490607600892,
        8.964773348817525,
        9.589100489512797,
        9.661043711841462,
        9.653352709365263,
        9.785376109910155,
        9.741437886368306,
        9.68102764221689,
        9.079326814899318,
        8.70459029109255,
        8.210755561355496,
        7.610685265465655,
        7.318440264252907,
        7.879147343933686,
        8.376289753286557,
        8.850338472989183,
        9.381914018823203,
        9.953340356154738
    ],
    "settings": {
        "calculation_domain": "pq",
        "hdr_mode": "sdr",
        "bit_depth": 8,
        "color_range": "full",
        "eotf_function": "bt1886",
        "l_max": 300,
        "l_min": 0.1,
        "gamma": 2.4,
        "pu21_mode": "banding",
        "legacy": false,
        "version": "0.2.1"
    },
    "input_file": "NETFLIX_ElFuente_1920x1080_14296frames_2997fps_003454_003541.y4m"
}
