{
    "si": [
        32.45171753844925,
        32.439498068146705,
        32.414076467554516,
        32.43908771530774,
        32.48276000428399,
        32.46009833031375,
        32.40958112255127,
        32.272986488062145,
        32.39722317484218,
        32.43258738263122,
        32.26062689514402,
        32.35620960719565,
        32.3273730380366,
        32.320263160053365,
        32.31696861432028,
        32.31454662705605,
        32.30171895768245,
        32.24123840455231,
        32.22095008399467,
        32.17642137754315,
        32.18151528646042,
        32.200016076706156,
        32.18288061874463,
        32.18062747626509,
        32.1480715094457,
        32.119716870104895,
        32.11967596900792,
        32.04132352990998,
        32.058815722135584,
        31.981047937798095,
        30.42083407113188,
        31.909129709723324,
        31.891497870840553,
        31.78692050824601,
        31.75664595585555,
        31.70098090024873,
        31.689408708801782,
        31.688503365578434,
        31.654928662581014,
        31.670621327646366,
        31.601417011345585,
        31.655048355196147,
        31.558213321886832,
        31.57068557933159,
        31.564745157687614,
        31.56164686173923,
        31.429796043034237,
        31.41491817775023,
        31.36644858788241,
        31.401509194138406,
        31.416587980062573,
        31.35979086254004,
        31.315705387296862,
        31.354830533286652,
        31.363128804337173,
        31.345822607187664,
        31.314611504287267,
        31.245284227782804,
        31.24548416877948,
        31.204874593642582,
        31.192958029967595,
        31.19745532642216,
        31.142848182299527,
        31.10083901727352,
        31.11144408840811,
        31.079321382614594,
        31.08355649648219,
        31.047680907261,
        31.03160499367194,
        31.029920783378614,
        31.029794955173774,
        31.024043195022188,
        31.01865397452659,
        31.016028652644447,
        31.04559262191973,
        31.048987602553023,
        31.001668701420407,
        31.029450228123736,
        31.03256127074729,
        30.985565639194082,
        30.941926496778745,
        30.893081535708788
    ],
    "ti": [
        3.5297104092075022,
        3.0238697627175997,
        2.7926267913042135,
        2.667094240590112,
        3.0271677843226055,
        3.1983583817879357,
        3.3377819941110434,
        3.0549433201093996,
        2.787289718208129,
        2.9223895977754113,
        2.896773698872862,
        2.827324924641762,
        2.6619011888384185,
        2.631918820669127,
        2.835703455802028,
        2.6687928930351346,
        2.672086391569611,
        2.8217118389317553,
        2.690103213259683,
        2.766321308898428,
        3.0193494499923514,
        2.7229120924664016,
        2.879183126159237,
        2.723464707497161,
        2.7268648730950367,
        2.8611990515430197,
        2.764522966203933,
        2.674880841405095,
        2.789212907458067,
        8.248181550197698,
        8.145628871074473,
        2.7779940460504005,
        2.8368613935756746,
        2.7653184352176847,
        2.733444701481624,
        3.0693467629549445,
        2.985588601317277,
        2.7959385874568445,
        2.5838699394048583,
        2.6725348978499204,
        9.22253811840898,
        9.24011944646912,
        2.659366338544492,
        2.6477071149751086,
        2.8552262323075377,
        3.2830036788490298,
        3.679125525395547,
        3.249683537252232,
        2.842021610901952,
        2.5584910840496184,
        2.7938970909723486,
        3.1517999285401075,
        3.6299088843373544,
        2.95126929778244,
        2.7218733986278947,
        2.534095478970771,
        2.6759577595750312,
        2.7140496990216714,
        2.5645530314146074,
        2.626507784991549,
        2.558047740506923,
        2.5320274890867958,
        2.546748365926214,
        2.5217977581860778,
        2.5533323356780864,
        2.7553556551513205,
        2.655556286558057,
        2.5630130994811138,
        2.647602838233119,
        2.729478542611067,
        2.6692593661030277,
        2.6627788333388085,
        2.584849602317113,
        2.5740658519374544,
        2.591659682484493,
        2.5432290157531687,
        2.5878532025832515,
        2.7333402926299066,
        2.721652161037563,
        2.6334408026008225,
        2.5875577372895644
    ],
    "settings": {
        "calculation_domain": "pq",
        "hdr_mode": "sdr",
        "bit_depth": 8,
        "color_range": "full",
        "eotf_function": "bt1886",
        "l_max": 300,
        "l_min": 0.1,
        "gamma": 2.4,
        "pu21_mode": "banding",
        "legacy": false,
        "version": "0.2.1"
    },
    "input_file": "NETFLIX_ElFuente_1920x1080_14296frames_2997fps_012234_012315.y4m"
}
