{
    "si": [
        20.357837031875654,
        20.55452925079448,
        20.671339582107258,
        20.67942947761491,
        20.65517976467796,
        20.632125728282947,
        20.82189273687627,
        20.776233883319073,
        20.710637507195777,
        20.708693170451895,
        20.831152794942362,
        20.996355478510317,
        21.221545338263585,
        21.552962700440045,
        21.846581718699706,
        21.75101250591443,
        21.60196549925414,
        21.237438032962935,
        21.36452856433738,
        21.601344660757597,
        21.601954250027024,
        21.585309155745513,
        21.52367273125709,
        21.163939500293328,
        20.80352653040994,
        20.73053340810217,
        20.59227828962565,
        20.721668388008347,
        20.6407195127175,
        20.567036959677484,
        20.396709434551035,
        20.195365738782396,
        20.1783907086205,
        20.027473069773805,
        19.998112483416616,
        20.128490726826705,
        20.132781929264894,
        20.116734541510542,
        20.040453055406044,
        19.83835264626639,
        19.873916256890528,
        20.037735470795983,
        20.159355625707242,
        20.287606540231508,
        20.375298277267934,
        20.676250758858554,
        20.83199527112782,
        20.87523938876894,
        20.910796278761094,
        21.119903656649097,
        21.30694029861847,
        21.36581833456279,
        21.14912743313236,
        21.114616722594075,
        21.205724839795174,
        21.40044734245014,
        21.46991567833042,
        21.567750822706138,
        21.81053067464974,
        21.96721834330255,
        21.933189428248838,
        21.834538474543223,
        21.753004510409877,
        21.646910834932758,
        21.54226041323844,
        21.332271504350164,
        21.076019322735174,
        20.965189476369606,
        20.802127951299312,
        20.699443470929676,
        20.790454555120668,
        21.07066966973413,
        21.32046658153968,
        21.191242432032446,
        21.21433021242853,
        21.532571213431865,
        22.125828758686072,
        22.37465028195917,
        22.447581609333767
    ],
    "ti": [
        14.889021079845074,
        15.142712461614714,
        15.61320287222611,
        15.768797520436992,
        15.679610936182353,
        15.362885940564519,
        15.11602885041554,
        14.675880339855617,
        14.353436504330467,
        14.091412121090295,
        14.303593030848562,
        14.36831516497285,
        13.947953319069223,
        13.795607520141768,
        13.53883654680426,
        13.452885824588076,
        13.811917295869604,
        14.09789619088349,
        14.670539381085185,
        14.51499604400556,
        14.196629257097372,
        13.853738982684467,
        13.747726074266879,
        13.597721700605083,
        13.51296887627654,
        13.209440638775977,
        13.3750409577838,
        13.583796156885152,
        13.988627649408338,
        14.878588132060129,
        16.009032650338337,
        17.334522401501683,
        18.15148021295111,
        17.72980022168114,
        16.82631356887042,
        15.892618731442381,
        14.686469496739315,
        13.220592210859762,
        12.604520474682776,
        12.261979435445197,
        11.78046807792229,
        11.168582020176823,
        10.800185018403043,
        10.553373593217858,
        10.666013099300748,
        11.222737458301895,
        11.264077852420114,
        11.595158430187787,
        13.202157992926177,
        13.948764127773895,
        14.824205032237385,
        15.225501405856404,
        15.183340230781926,
        15.461807634526938,
        14.961289521266318,
        14.007858712557638,
        13.687033372586075,
        13.369441326207609,
        12.454639078593802,
        12.318063261524417,
        12.388956920096756,
        12.484953378801256,
        12.53775001013263,
        12.591959109678475,
        12.873733315146398,
        13.031038317608713,
        13.06379005297074,
        12.965917428350568,
        12.773931159492088,
        12.514747445455082,
        12.454844115386834,
        12.725856146954284,
        12.601483445095754,
        12.502497558550925,
        12.318341254052934,
        11.966658329854502,
        11.708611558401735,
        11.65180170403536
    ],
    "settings": {
        "calculation_domain": "pq",
        "hdr_mode": "sdr",
        "bit_depth": 8,
        "color_range": "full",
        "eotf_function": "bt1886",
        "l_max": 300,
        "l_min": 0.1,
        "gamma": 2.4,
        "pu21_mode": "banding",
        "legacy": false,
        "version": "0.2.1"
    },
    "input_file": "NETFLIX_ElFuente_1920x1080_14296frames_2997fps_003645_003723.y4m"
}
