{
    "si": [
        33.44695952996338,
        33.44695952996338,
        33.44695952996338,
        33.44695952996338,
        33.44695952996338,
        33.44695952996338,
        33.44695952996338,
        33.44695952996338,
        33.44695952996338,
        33.44695952996338,
        33.44695952996338,
        33.44695952996338,
        33.44695952996338,
        33.44695952996338,
        33.44695952996338,
        33.44695952996338,
        33.44695952996338,
        33.44695952996338,
        33.44695952996338,
        33.44695952996338,
        33.44695952996338,
        33.44695952996338,
        33.44695952996338,
        33.44695952996338,
        33.44695952996338,
        33.44695952996338,
        33.44695952996338,
        33.44695952996338,
        33.44695952996338,
        33.44695952996338,
        33.44695952996338,
        33.44695952996338,
        33.44695952996338,
        33.44695952996338,
        33.44695952996338,
        33.44695952996338,
        33.44695952996338,
        33.44695952996338,
        33.44695952996338,
        33.44695952996338,
        33.44695952996338,
        33.44695952996338,
        33.44695952996338,
        33.44695952996338,
        33.44695952996338,
        33.44695952996338,
        33.44695952996338,
        33.44695952996338,
        33.44695952996338,
        33.44695952996338,
        33.44695952996338,
        33.44695952996338,
        33.44695952996338,
        33.44695952996338,
        33.44695952996338,
        33.44695952996338,
        33.44695952996338,
        33.44695952996338,
        33.44695952996338,
        33.44695952996338,
        33.44695952996338,
        33.44695952996338,
        33.44695952996338,
        33.44695952996338,
        33.44695952996338,
        33.44695952996338,
        33.44695952996338,
        33.44695952996338,
        33.44695952996338,
        33.44695952996338,
        33.44695952996338,
        33.44695952996338,
        33.44695952996338,
        33.44695952996338,
        33.44695952996338,
        33.44695952996338,
        33.44695952996338,
        33.44695952996338,
        33.44695952996338,
        33.44695952996338,
        33.44695952996338,
        33.44695952996338,
        33.44695952996338,
        33.44695952996338,
        33.44695952996338,
        33.44695952996338,
        33.44695952996338,
        33.44695952996338,
        33.44695952996338,
        33.44695952996338
    ],
    "ti": [
        0.0,
        0.0,
        0.0,
        0.0,
        0.0,
        0.0,
        0.0,
        0.0,
        0.0,
        0.0,
        0.0,
        0.0,
        0.0,
        0.0,
        0.0,
        0.0,
        0.0,
        0.0,
        0.0,
        0.0,
        0.0,
        0.0,
        0.0,
        0.0,
        0.0,
        0.0,
        0.0,
        0.0,
        0.0,
        0.0,
        0.0,
        0.0,
        0.0,
        0.0,
        0.0,
        0.0,
        0.0,
        0.0,
        0.0,
        0.0,
        0.0,
        0.0,
        0.0,
        0.0,
        0.0,
        0.0,
        0.0,
        0.0,
        0.0,
        0.0,
        0.0,
        0.0,
        0.0,
        0.0,
        0.0,
        0.0,
        0.0,
        0.0,
        0.0,
        0.0,
        0.0,
        0.0,
        0.0,
        0.0,
        0.0,
        0.0,
        0.0,
        0.0,
        0.0,
        0.0,
        0.0,
        0.0,
        0.0,
        0.0,
        0.0,
        0.0,
        0.0,
        0.0,
        0.0,
        0.0,
        0.0,
        0.0,
        0.0,
        0.0,
        0.0,
        0.0,
        0.0,
        0.0,
        0.0
    ],
    "settings": {
        "calculation_domain": "pq",
        "hdr_mode": "sdr",
        "bit_depth": 8,
        "color_range": "full",
        "eotf_function": "bt1886",
        "l_max": 300,
        "l_min": 0.1,
        "gamma": 2.4,
        "pu21_mode": "banding",
        "legacy": false,
        "version": "0.2.1"
    },
    "input_file": "NETFLIX_ElFuente_1920x1080_14296frames_2997fps_000000_000089.y4m"
}
