{
    "si": [
        7.932756475895004,
        8.639524843248946,
        9.063018537267363,
        9.172360985031586,
        9.14099378987938,
        9.38836193640506,
        9.636395671506977,
        9.860998248964723,
        9.79550353664085,
        9.267785457584745,
        9.08024941264549,
        9.106902075217688,
        9.43864528625381,
        9.593746569338936,
        9.479880072114724,
        9.641068402706296,
        9.29316998104431,
        9.601024191740445,
        10.149583946673449,
        9.773605981324959,
        9.750823914804894,
        9.394994240627438,
        9.794596566240953,
        9.344615317527527,
        9.51757357636674,
        9.658539906953855,
        9.670456791664863,
        9.473723247413057,
        9.467086745798102,
        9.469858017871143,
        9.315195440795673,
        8.610238992711569,
        8.063268074315332,
        7.617261169757932,
        7.711914530005654,
        8.128421261781389,
        7.71228712522018,
        5.813985931904377,
        3.838001604312619,
        4.6283053905805716,
        3.8450850736408224,
        5.8741243767089655,
        5.989251036868372,
        6.756181640813515,
        7.017781332875477,
        7.822202053978597,
        9.17643281642131,
        10.855918304426472,
        12.667569182501207,
        14.524668568097292,
        15.375829386719854,
        15.318785127883057,
        15.84854221915919,
        15.518858340361835,
        15.976700369132576,
        16.430956562331712,
        15.385898873474764
    ],
    "ti": [
        13.966964115961767,
        15.826673664275008,
        17.902526041306906,
        19.89687174251839,
        22.71742073718365,
        23.915593287727464,
        25.397344661286493,
        22.45972511263374,
        22.25251136744576,
        22.86421561819479,
        22.481807485560015,
        22.574338109886426,
        22.643983643394602,
        22.67304518886942,
        23.01209823064097,
        23.750646991330484,
        24.170921613960445,
        24.00881934486248,
        23.428426344994488,
        23.012802612093726,
        23.034973936687198,
        23.164565988400753,
        23.146488465357834,
        24.48530856292659,
        25.731744549225017,
        26.040451382144656,
        24.721703133708196,
        24.91247186362456,
        24.764009785811812,
        26.62329478195852,
        24.87920256909788,
        25.65894091472497,
        26.023015365949096,
        25.479924236905642,
        23.563879363266803,
        20.040390017552312,
        22.21816604978291,
        15.35366799974233,
        15.055905664290105,
        10.808204548392801,
        17.027659352736862,
        18.8985173806228,
        17.785151100108365,
        19.383243372311593,
        22.243630583056756,
        24.850634351438643,
        27.29852515190376,
        28.67597924263471,
        27.461965528257824,
        24.498969068371775,
        22.10156260709692,
        19.459894115220205,
        17.8565808681849,
        16.72438097285159,
        16.61125900606479,
        15.919398288449907
    ],
    "settings": {
        "calculation_domain": "pq",
        "hdr_mode": "sdr",
        "bit_depth": 8,
        "color_range": "full",
        "eotf_function": "bt1886",
        "l_max": 300,
        "l_min": 0.1,
        "gamma": 2.4,
        "pu21_mode": "banding",
        "legacy": false,
        "version": "0.2.1"
    },
    "input_file": "NETFLIX_ElFuente_1920x1080_14296frames_2997fps_003929_003985.y4m"
}
