{
    "si": [
        22.48513140356797,
        22.23275370040205,
        22.05913008052422,
        21.995912040921457,
        21.913689896580255,
        21.884012359607024,
        22.06144422410729,
        22.100007923597076,
        22.16064155392951,
        22.11154548047839,
        22.188201401067833,
        22.281592633632354,
        22.34442719064131,
        22.28817357274939,
        22.428024033479275,
        22.303743363614817,
        22.085266448275323,
        21.91692297452486,
        21.813597133997668,
        21.70682833779514,
        21.75855960542901,
        21.684223269110745,
        21.81843790519733,
        22.078855274531517,
        22.215975238388157,
        22.109460972264657,
        21.924205633936975,
        21.59486191251762,
        21.34539744236956,
        21.23942599872645,
        21.351193375194452,
        21.64591133862977,
        22.08015640708757,
        22.462074385825222,
        22.77493303453039,
        22.800760398638317,
        23.12332285413915,
        23.448109798182543,
        23.841343534819067,
        24.228593527050773,
        24.61028556051293,
        24.888955974431497,
        25.096972252490684,
        25.22880525711033,
        25.35907264985195,
        25.545838587903763,
        25.50630495564496,
        25.476324689124674,
        25.49851681639218,
        25.548840868487556,
        25.544575601260526,
        25.352230820525925,
        25.220165470108842,
        25.022673896325685,
        24.797201176480673,
        24.375286620208882,
        23.869866998442152,
        23.499920482641055,
        23.22303977389964,
        23.009827803679325,
        22.747631254037273,
        22.618904893507388,
        22.46010550337914,
        22.314907213862007,
        22.173300170782205,
        22.1227396991533,
        22.010268301992614,
        21.966076273479338,
        20.11645823129112,
        18.78723271952157,
        18.099588315508242,
        18.00301871177445,
        18.277254574277706,
        19.06209794796287,
        20.22824124513907,
        21.67754017074219,
        23.288586310075377,
        25.24010759049281,
        27.33295029011432
    ],
    "ti": [
        12.00374293019945,
        12.084290497498248,
        12.277565207344624,
        12.409027074414022,
        12.254792149198517,
        11.790947310035506,
        11.359273415069302,
        10.871644153654968,
        10.494057004210113,
        10.438261247678643,
        10.491996851134253,
        10.71686488698052,
        10.958023664021939,
        10.934755494342674,
        10.92061578305717,
        10.634227067679403,
        10.598215886444482,
        10.99103161869258,
        12.038114670237047,
        12.910027283031456,
        13.212780295921675,
        13.430100122045081,
        14.084834528895065,
        14.609611126954785,
        14.855076803429304,
        15.177122272845457,
        14.952898295781077,
        14.959859884491141,
        15.179681306407417,
        15.14057163678109,
        15.359162770177754,
        15.773389081831834,
        15.63437748753593,
        15.014104014511794,
        14.457798578171952,
        14.045549796369592,
        13.788261438573915,
        13.822281785720012,
        13.640277236218305,
        13.790664112252447,
        13.958156835312005,
        14.028823076240753,
        13.783165358354127,
        13.488232609432718,
        13.198300654308579,
        12.905748317833423,
        12.467502540870523,
        11.641439140193729,
        10.758328733038432,
        9.98520478426536,
        9.790837401127098,
        10.19691096960166,
        10.861033920175583,
        11.34456046282711,
        11.657934578215754,
        11.688469026305778,
        11.189584366719915,
        11.396565065891469,
        10.80112420553793,
        10.634539213973211,
        10.655238998314026,
        10.683925598500958,
        11.306951630605939,
        12.10173319476495,
        12.778849448678862,
        13.25473480554091,
        13.252876603713407,
        13.323181535312669,
        11.951446748011156,
        10.823237666660905,
        10.161568260268593,
        9.955451102466093,
        9.861691238260489,
        10.113775407628653,
        10.80125070410163,
        11.417563856291869,
        12.033770209388333,
        13.195670520974508
    ],
    "settings": {
        "calculation_domain": "pq",
        "hdr_mode": "sdr",
        "bit_depth": 8,
        "color_range": "full",
        "eotf_function": "bt1886",
        "l_max": 300,
        "l_min": 0.1,
        "gamma": 2.4,
        "pu21_mode": "banding",
        "legacy": false,
        "version": "0.2.1"
    },
    "input_file": "NETFLIX_ElFuente_1920x1080_14296frames_2997fps_003724_003802.y4m"
}
