{
    "si": [
        10.54565417472433,
        10.5998835733469,
        10.587378792263547,
        10.662598861262802,
        10.671548088926391,
        10.621745909094072,
        10.48086558547785,
        10.373963707813619,
        10.22841760926314,
        10.153545988718465,
        10.21365212643097,
        9.987006372312724,
        9.397509786187271,
        8.784073534919528,
        8.20990816369415,
        7.826082613438495,
        7.448461087727227,
        7.039743861719009,
        7.008075573193269,
        7.118457110996326,
        7.3293379783329415,
        7.822662930654239,
        8.195109145661412,
        8.345013566498524,
        8.572668470394412,
        8.705563156483322,
        9.027168380387126,
        9.488222176816116,
        9.422983978798513,
        9.151852201593625,
        8.90740951097603,
        8.771876555310058,
        8.619884697025583,
        8.55400922880803,
        8.485784216915619,
        8.448782569626294,
        8.34230738529012,
        8.238629818193672,
        8.232816137731202,
        8.285345283591754,
        8.253185086146363,
        8.315666838243331,
        8.451934587908866,
        8.621570850502245,
        8.863312853603961,
        8.932272498844295,
        8.864431789024646,
        8.799848375388176,
        8.816181646942201,
        8.881235911958028,
        8.90434932184508,
        8.914205309905261,
        8.898164968094623,
        8.809750556317278,
        8.725037373883175,
        8.757540690734734,
        8.773337540583885,
        8.864655425985823,
        8.967518173495371,
        9.06746473287071,
        8.964662318481441,
        9.09575115175285,
        9.035719653788906,
        8.970855625914025,
        8.918668132224049,
        8.857510060441575,
        8.840685932173725,
        8.884576884870695,
        8.882729987998541,
        8.861244391140206,
        8.86678884963631,
        8.894344508940915,
        8.984557295441656,
        9.155551254087653,
        9.42266731928284,
        9.599295467125202,
        9.670859908425326,
        9.596583553265408,
        9.553207705185407,
        9.493019374856734,
        9.489817114959976,
        9.47200153545422,
        9.492476876451791,
        9.488709308382774,
        9.443001857012174,
        9.435051159239016
    ],
    "ti": [
        8.255792886587383,
        8.244717736187289,
        8.252102761481266,
        8.263194864259226,
        8.218875705752078,
        8.700762769684191,
        9.619414668439404,
        11.110614288153124,
        11.427323125346712,
        11.660535850224964,
        13.210616305277487,
        13.32694376726732,
        13.369177567568466,
        12.521282097636238,
        12.570873373497195,
        12.322709805787987,
        12.072374222889596,
        11.60489604147184,
        11.011996568221672,
        10.268917014590649,
        9.516906666904363,
        9.183062002019192,
        9.219307608860062,
        9.193243849614587,
        9.252304933034036,
        9.304494184063588,
        8.823663994722473,
        7.8278832705017445,
        7.364497085420384,
        7.772579547508705,
        8.086838285543266,
        8.408437119808532,
        8.736362964688453,
        8.98758562055364,
        8.854580670009199,
        9.071574537456714,
        8.99364981842668,
        8.905817557507994,
        8.838231917959723,
        8.57027973725399,
        8.199065118534207,
        7.7520544597575665,
        7.528234723114818,
        7.684720779386512,
        7.520802255844565,
        7.2654619730182155,
        6.91979079554932,
        6.880945792602482,
        6.972224277762974,
        7.411555484957135,
        7.589147984623445,
        7.440990436289815,
        7.524252905810691,
        7.781425801082189,
        7.747356099691999,
        7.478671557774925,
        7.253730906544188,
        6.915864835912192,
        6.636620062885142,
        6.45305334188826,
        6.445458664796188,
        6.3330301046886275,
        6.108937258519212,
        6.1204173231633705,
        6.081273920872941,
        5.8750844730978,
        5.708386450560823,
        5.593258700855452,
        5.8884174745537,
        6.203658580687001,
        6.537059476263112,
        6.62997434052989,
        6.73031778634505,
        6.850646979318671,
        6.814230641947,
        6.644979075387449,
        6.613899810690198,
        6.816669824480239,
        7.150106520660718,
        7.262728441751912,
        7.115876548341255,
        6.579207303795789,
        6.258717517050364,
        6.1580008978661,
        6.465363792641954
    ],
    "settings": {
        "calculation_domain": "pq",
        "hdr_mode": "sdr",
        "bit_depth": 8,
        "color_range": "full",
        "eotf_function": "bt1886",
        "l_max": 300,
        "l_min": 0.1,
        "gamma": 2.4,
        "pu21_mode": "banding",
        "legacy": false,
        "version": "0.2.1"
    },
    "input_file": "NETFLIX_ElFuente_1920x1080_14296frames_2997fps_002454_002539.y4m"
}
