{
    "si": [
        16.880277932697844,
        16.71904644104262,
        16.655579494902675,
        16.999210381353794,
        16.574427254590823,
        16.047607699967692,
        15.246451145224762,
        15.251159170117159,
        15.306848846764058,
        15.604789605680594,
        15.778644478739574,
        15.49512318032618,
        15.024735964658777,
        14.790913122030457,
        15.096135707751156,
        15.748951721987197,
        16.484560386478478,
        16.16297190892677,
        15.687960050032455,
        15.230866868155877,
        14.937647644249916,
        14.933951286455924,
        14.869301055698212,
        14.650259325930513,
        14.112612666848253,
        14.278401368240917,
        14.864219873464696,
        15.655169770385037,
        15.634083148334462,
        15.562403337010146,
        15.387183919095797,
        16.613358057954123,
        16.58017672255648,
        16.330371373556197,
        16.534070889181628,
        14.85864094858698,
        14.05282432724786,
        14.516768036423256,
        15.143162746471978,
        15.724558908808804,
        16.207308851361525,
        16.414074250841555,
        15.842646548429256,
        15.58103260762221,
        15.928190627961046,
        16.07495393914946,
        15.685416644839771,
        14.285507786679412,
        15.259393167805056,
        15.51481698607152,
        16.16850405338666,
        15.437972747642833,
        15.514741125795725,
        15.835938855970348,
        16.239282228551417,
        16.17094058313505,
        15.795277854955701,
        15.687070198344824,
        15.374346966920083,
        15.552368763885699,
        15.8411914534546,
        16.21083713404387,
        16.22601841601921,
        16.08785728712193,
        16.461588075047263,
        16.570287854414016,
        17.29415539623773,
        17.66183054233516,
        17.09457942178732,
        16.253230676065524,
        15.802584397818464,
        15.652477383759713,
        15.23235591711502,
        14.949246621202628,
        14.99309597106711,
        15.313402508398994,
        15.454936012503092,
        15.719777064828014,
        16.01252187737565,
        15.902731208930797
    ],
    "ti": [
        11.84798550943959,
        12.972793433527036,
        13.700875123821902,
        13.661965567078637,
        14.696645756895967,
        13.604859315735286,
        12.1456789233823,
        10.737379707966015,
        9.337313512546729,
        7.905740511729717,
        9.221382280417254,
        9.807868642560662,
        10.410695641444287,
        10.945774677863602,
        10.897293406910466,
        11.842249269222727,
        11.673142120251523,
        11.935178314201236,
        12.071031180061581,
        11.727976081594255,
        9.822553356999455,
        10.978981400992938,
        12.230369963935358,
        12.593861050385959,
        13.393326299762029,
        13.260180273025824,
        11.940560328413307,
        16.935813304155825,
        14.376907999960247,
        12.123194759716265,
        13.999944828097135,
        14.21633322686885,
        13.568714102381053,
        13.46524445790999,
        14.591743812078082,
        15.647276127397438,
        17.565445768978076,
        14.930403623595842,
        12.692492807046408,
        10.144807006683752,
        10.88844110959898,
        11.30726115377797,
        13.549131388992274,
        13.463294534241506,
        13.165455445923696,
        16.3110912968538,
        15.383994016514247,
        13.325244367124315,
        13.040915338935898,
        11.788200199834593,
        12.302688329899087,
        12.378022122901159,
        13.216544700428859,
        13.961465785659525,
        14.255427786214664,
        13.057099414069604,
        12.82250139232864,
        12.690310140561431,
        13.38344466285761,
        13.134737854308225,
        12.91725535211405,
        12.372738917863495,
        12.881152860565702,
        13.381433614692487,
        12.686252909030168,
        11.81917671281109,
        11.534045478694527,
        11.766402025236937,
        13.066496592484151,
        14.537977522484683,
        15.823056964359639,
        15.482108321366336,
        15.083784648404434,
        15.046683765174114,
        15.727983901857806,
        15.915078182375199,
        15.624147866794889,
        14.920245471879777,
        13.908001455830542
    ],
    "settings": {
        "calculation_domain": "pq",
        "hdr_mode": "sdr",
        "bit_depth": 8,
        "color_range": "full",
        "eotf_function": "bt1886",
        "l_max": 300,
        "l_min": 0.1,
        "gamma": 2.4,
        "pu21_mode": "banding",
        "legacy": false,
        "version": "0.2.1"
    },
    "input_file": "NETFLIX_ElFuente_1920x1080_14296frames_2997fps_005428_005507.y4m"
}
