{
    "si": [
        45.633961870482345,
        45.58871805133279,
        45.55575960020103,
        45.51875843912172,
        45.50345325650905,
        45.44736555407085,
        45.44145321305571,
        45.43754385862,
        45.45255930525783,
        45.43805440696315,
        45.45782846240583,
        45.45525012584986,
        45.244198881489524,
        44.783396975648316,
        44.26506913739142,
        43.467147754192595,
        42.61310840415505,
        41.83281736793015,
        41.33811531573562,
        41.44453006594115,
        41.99258342742286,
        42.960485112470174,
        43.529865869925445,
        43.4514200583676,
        43.40396573616441,
        43.575692393691156,
        43.83018498153443,
        43.764592682690306,
        43.86566777520816,
        44.15550691190852,
        44.442064218039604,
        44.82359641502292,
        45.11508733461767,
        45.27934528210653,
        45.41275778879832,
        45.22356532477395,
        45.167086837909665,
        44.993873058059776,
        44.8684485493759,
        44.553904241866384,
        44.14023792331674,
        44.302299146301216,
        44.5996176422631,
        44.83942665420213,
        45.057932221475255,
        45.3132419583237,
        45.27414088972196,
        45.26655633694582,
        45.342258113626585,
        43.18105494222296,
        40.88535239071653,
        38.50922009754422,
        36.116602049608645,
        33.85145911693627,
        31.781009659552613,
        29.621886669022665,
        27.4903300687816,
        25.35282770441502,
        23.179213090387815,
        21.267695907357847,
        19.484657936405693,
        17.96740599758561,
        16.6654100119669,
        15.826237662237805,
        15.57016841935863,
        15.771492290333374,
        16.438459380616834
    ],
    "ti": [
        8.58796777628244,
        8.91432727102761,
        8.585478956993617,
        8.08499605408068,
        7.080398196628419,
        7.077144368070528,
        7.438987950260819,
        7.475509909326672,
        6.891244846625034,
        7.463684328373287,
        8.597050770135132,
        8.955892327107764,
        9.409543265673866,
        10.589418541623573,
        10.99658550724904,
        12.382818144019954,
        13.410626807894905,
        14.279219668265156,
        15.344469168599973,
        15.88614537531113,
        15.850077733445849,
        15.575235070925693,
        15.385367873200462,
        14.695287967337052,
        14.183582790775267,
        13.927103482516653,
        14.840453923593847,
        15.334626698293578,
        15.371483169526302,
        14.999760604600892,
        14.456678778425879,
        13.518720890329849,
        13.403446117623908,
        13.214461183146073,
        13.19656370224654,
        13.127431578467954,
        12.756050538578256,
        13.171368920935098,
        13.314184201669805,
        14.055328334464683,
        14.244110004014077,
        13.837697193160603,
        14.132948452975285,
        13.833871404372987,
        13.557838978788233,
        13.575394733314027,
        13.334004078111715,
        13.042737601136585,
        13.035089329185961,
        13.555249391211746,
        13.505912070170831,
        12.647842183880881,
        11.633386709064014,
        10.804579651917868,
        9.949344990195474,
        9.26582517468081,
        8.335880961572757,
        8.077918088594968,
        7.239062733903161,
        7.07962231486064,
        6.9888610422601465,
        6.798660548687457,
        6.73968146458213,
        6.351346543562055,
        5.7856438227832605,
        5.44266394332291
    ],
    "settings": {
        "calculation_domain": "pq",
        "hdr_mode": "sdr",
        "bit_depth": 8,
        "color_range": "full",
        "eotf_function": "bt1886",
        "l_max": 300,
        "l_min": 0.1,
        "gamma": 2.4,
        "pu21_mode": "banding",
        "legacy": false,
        "version": "0.2.1"
    },
    "input_file": "NETFLIX_ElFuente_1920x1080_14296frames_2997fps_001591_001657.y4m"
}
