{
    "si": [
        42.83145995816966,
        42.82214602733863,
        42.84745069232158,
        42.86836981729001,
        42.87417836653253,
        42.794456615673994,
        42.7840659391487,
        42.81818930078929,
        42.840085824844834,
        42.88451691541541,
        42.90748160967795,
        42.906485048920345,
        42.88462012303866,
        42.878881510043634,
        42.832163955060864,
        42.76632883723332,
        42.70506763699895,
        42.591492206136046,
        42.636551053997,
        42.57515372349266,
        42.577125500731924,
        42.599491128328516,
        42.65058264728917,
        42.68659588343734,
        42.651409678045596,
        42.59333496321176,
        42.50455530063826,
        42.48111562088431,
        42.50404099186788,
        42.514994510541214,
        42.58994509008602,
        42.54934071040708,
        42.51482415014276,
        42.50448363057337,
        42.47808243816325,
        42.46283198193733,
        42.48745985624448,
        42.48638635648598,
        42.359834194563206,
        42.30868309123238,
        42.368098033843225,
        42.40653757628829,
        42.39681654844642,
        42.4516785871453,
        42.424168276039985,
        42.48496103488773,
        42.41541850279624,
        42.29807137336257,
        42.171311854195004,
        42.281359904094174,
        42.24358770278097,
        42.194214462001355,
        42.30185078109386,
        42.26153830336713,
        41.9843553526085,
        42.021657648765206,
        42.11746036690594,
        42.073333298959135,
        42.12995367741026,
        42.13570143191324,
        41.883709866460094,
        41.84406023556028,
        41.921332130810704,
        41.87395632768778,
        41.8216828826743,
        41.5253061879674,
        41.65205822578269,
        42.023924403860384,
        42.310591789855756,
        42.53254397267763,
        42.600716474916275,
        42.66527045747855,
        42.67226192865922,
        42.68410669126056,
        42.66866931257842,
        42.63951774425677,
        42.60059885902751,
        42.60498234127134,
        42.587770943632705,
        42.59803079676101,
        42.585745051584475
    ],
    "ti": [
        6.345747396707598,
        6.323144301018525,
        6.393879383420601,
        6.408524275893979,
        6.380829705872207,
        6.35994538815229,
        6.379670252995665,
        6.381613467897814,
        6.43360616269523,
        6.445935824866352,
        6.426565155424739,
        6.4949934117932475,
        6.462591965586157,
        6.384805958937023,
        6.38186897618132,
        6.340716330198365,
        6.1355982622718965,
        6.074993722432017,
        5.945396151855211,
        5.894299655073869,
        6.0215776814916,
        6.148742521407586,
        6.22811056298458,
        6.359579200064895,
        6.409010269645434,
        6.4433465360853415,
        6.481634344448602,
        6.406790758817968,
        6.437523344233844,
        6.4680875347666245,
        6.4645951600179306,
        6.728876499819723,
        7.317093640446619,
        7.8040363341933645,
        8.033719999833268,
        8.118166145095252,
        8.320705843312181,
        8.809431091433876,
        9.040826414401282,
        9.597240094013525,
        10.00790577132486,
        9.798345351369075,
        10.133665359620347,
        10.047274146050771,
        10.201105231419943,
        10.363311999190115,
        10.177428230314268,
        10.271317911665532,
        10.009001010973956,
        10.462176449366385,
        10.438724109310291,
        10.25652059303497,
        10.120541907842176,
        10.407249572329036,
        10.258055471482386,
        10.24377154936085,
        10.321451470353896,
        10.693197014907916,
        10.709156293474093,
        10.57498444768741,
        10.288808337876691,
        10.400108249919509,
        10.080294021142555,
        10.000506052008092,
        9.49601205927967,
        8.203647145651738,
        7.3028296406553315,
        6.2857102785941015,
        5.710757295459913,
        4.731436262202087,
        4.237467702540472,
        4.2441423255696975,
        4.249103931078666,
        4.250464276166053,
        4.221155353209674,
        4.170250389229742,
        4.125648462641985,
        4.095596109920191,
        4.072409994490266,
        4.093937333205733
    ],
    "settings": {
        "calculation_domain": "pq",
        "hdr_mode": "sdr",
        "bit_depth": 8,
        "color_range": "full",
        "eotf_function": "bt1886",
        "l_max": 300,
        "l_min": 0.1,
        "gamma": 2.4,
        "pu21_mode": "banding",
        "legacy": false,
        "version": "0.2.1"
    },
    "input_file": "NETFLIX_ElFuente_1920x1080_14296frames_2997fps_004160_004240.y4m"
}
