{
    "si": [
        37.70492505405581,
        37.656093336481234,
        37.695433974780805,
        37.713486833772635,
        37.58643863799459,
        37.57947691687413,
        37.54477847162613,
        37.68674480092162,
        37.700621277119474,
        37.609728074785984,
        37.386745624206014,
        37.170428269666594,
        37.29163343697426,
        37.26265629837956,
        37.530823235118284,
        37.41525996626634,
        37.48267547138903,
        37.158861934208545,
        36.81161449727735,
        37.371791539173046,
        37.21585236087812,
        37.474529763781455,
        37.625767185915635,
        37.416973048916056,
        37.52027121606207,
        37.62863734482105,
        37.520528686525275,
        37.49512913168606,
        37.417249862984114,
        37.49318787246894,
        37.43210820177489,
        37.33103113968807,
        37.56236086960929,
        37.650317664697084,
        37.438994901528865,
        37.404108133612155,
        37.34054024775575,
        37.342146961248496,
        37.098574336802066,
        37.101852457835385,
        37.084411903721744,
        37.25985642565767,
        36.91032188689904,
        37.3048292244974,
        37.555708157931164,
        35.466559569969384,
        33.5293402110755,
        31.621905104432862,
        29.720643744034437,
        28.06791450589678,
        26.476882417739315,
        25.102246797579337,
        23.736547083682645,
        22.506431817403907,
        21.442167609402635,
        20.486734394202553,
        19.687036349742133,
        19.047307564790373,
        18.61693414599152,
        18.390496848305833,
        18.361445294171926,
        18.53295669824835,
        18.866967828269114,
        19.370413659386443,
        20.04370068464608,
        20.88483656858408,
        21.848013769371413,
        22.932013549185232
    ],
    "ti": [
        2.847209349563375,
        4.04822728734119,
        3.584513183356478,
        4.359414442280802,
        5.727357692332954,
        6.258356124771086,
        5.322316688106504,
        2.717058894088054,
        3.9861465546482204,
        6.72523226192459,
        8.908103310096683,
        9.174180842066542,
        8.88247182088344,
        7.34910830707612,
        6.37107999765783,
        7.3071355358429315,
        7.444054558077798,
        10.585542062121277,
        9.73325179016704,
        7.789422093041149,
        8.35329348719599,
        2.7916782545029224,
        4.133959480082284,
        6.921643255879687,
        2.897945301038331,
        3.4302425150502818,
        6.085584919471002,
        6.297536511743142,
        6.493640162694225,
        5.565503374249533,
        8.058819997720779,
        6.614067283173183,
        2.7239459982799437,
        4.030389775868034,
        6.85997764210907,
        7.374877449377488,
        7.682614031938166,
        8.33041583555962,
        9.612765110448603,
        9.257975767352097,
        8.948235470968413,
        9.227683656172045,
        10.051801911083565,
        5.141777867059721,
        4.619156974082256,
        3.150536053907719,
        2.6527650680084327,
        4.101769073713036,
        3.933415118992921,
        5.244491146880278,
        3.6400199182605486,
        3.1445996362949633,
        2.6734220604777477,
        2.3318429764452393,
        1.7069072714111655,
        1.7451316035352151,
        2.5831741007471107,
        2.440965401511739,
        1.6492120977850817,
        1.4968580789422874,
        1.6834467368113106,
        1.536747289889662,
        1.708437661099789,
        1.8157563734890687,
        1.4955022496103432,
        1.4896891578564548,
        1.5268345180972627
    ],
    "settings": {
        "calculation_domain": "pq",
        "hdr_mode": "sdr",
        "bit_depth": 8,
        "color_range": "full",
        "eotf_function": "bt1886",
        "l_max": 300,
        "l_min": 0.1,
        "gamma": 2.4,
        "pu21_mode": "banding",
        "legacy": false,
        "version": "0.2.1"
    },
    "input_file": "NETFLIX_ElFuente_1920x1080_14296frames_2997fps_006467_006534.y4m"
}
