{
    "si": [
        10.426840637946283,
        10.331222199926879,
        10.305382706044407,
        10.313842237334752,
        10.246439272626246,
        10.241745307176554,
        10.29879727378501,
        10.36075270443844,
        10.401159567161793,
        10.425196904406533,
        10.433990839283231,
        10.419772572631748,
        10.459817271340073,
        10.490983900403128,
        10.668093097705707,
        10.747157869194462,
        10.795890398923701,
        10.827175582045832,
        10.913183558485526,
        11.01293133481557,
        11.041731011103591,
        11.120447597171589,
        11.16703995186681,
        11.336495087176628,
        11.483452609722491,
        11.688854513199255,
        12.01126592925325,
        12.32837282605239,
        12.529344601871696,
        12.723463308557646,
        12.833932793711266,
        12.868999617086898,
        12.94404934854469,
        12.988956383870008,
        12.964707373157424,
        12.829359261205841,
        12.7180934874866,
        12.49641417346485,
        12.213207394489178,
        11.934211077550739,
        11.632270283504,
        11.376437594231215,
        11.219608061999201,
        11.062128752683153,
        10.93233754776807,
        10.881207536509349,
        10.76848543998989,
        10.647991846356602,
        10.556071096101133,
        10.421685122502444,
        10.310916885747964,
        10.203248254363023,
        10.130240030174669,
        10.071258202695574,
        10.060947756018365,
        10.065555190641481,
        10.079161901377459,
        10.128525001427144,
        10.19313923639813,
        10.282431208965242,
        10.445232997356026,
        10.594586301341458,
        10.753604364789693,
        10.973138415177194,
        11.158390350342568,
        11.305970678811525,
        11.446150007963494,
        11.58686566394634,
        11.718100475083405,
        11.91827871301844,
        12.11790467065587,
        12.29539445416116,
        12.455340194232207,
        12.629718052526432,
        12.741166530016264,
        12.838880744201235,
        12.859807229144769,
        12.895642890799296,
        12.954630797217986,
        12.951925153222975
    ],
    "ti": [
        5.645697242382607,
        5.689798105056012,
        5.761299760870334,
        5.748970769629911,
        5.791270869091021,
        5.839820174316604,
        5.929369790835976,
        6.066863219456011,
        6.285089606409436,
        6.427590057518995,
        6.467965139299911,
        6.436961178748201,
        6.487469984395172,
        6.643945100818262,
        6.8295552701876305,
        6.905605815750599,
        6.908736365171408,
        6.980592049948613,
        7.09897461203323,
        7.12371665971724,
        7.117092909241301,
        7.148155078347685,
        7.182162318286043,
        7.164105060131949,
        7.093484626592079,
        6.972863740986186,
        7.029044285009251,
        6.974291667612243,
        6.948187554736863,
        6.863552949663615,
        6.775511996459944,
        6.714754923942889,
        6.78408016372998,
        6.687008912047299,
        6.562987660769302,
        6.294364920411962,
        5.978444370373437,
        5.752188016548668,
        5.68356059706096,
        5.393197620790851,
        5.273654750693034,
        5.088033028924809,
        4.969243181946235,
        4.9007052564595535,
        4.941331900573549,
        4.951898894349798,
        4.873530932444083,
        4.90868994986567,
        5.066928811672301,
        5.048733581472406,
        5.101206779398771,
        5.134166562241239,
        5.197664968973002,
        5.332649709818293,
        5.331058371049732,
        5.381260997384833,
        5.5262902088168895,
        5.498561931504192,
        5.525801033098058,
        5.590316137055734,
        5.6882845331899485,
        5.716361992183291,
        5.730199968105124,
        5.796414599218066,
        5.825722659968573,
        5.849297752728054,
        5.757795444034425,
        5.709413244908167,
        5.738368790388577,
        5.8217390028480285,
        5.818142671740213,
        5.943201929630925,
        5.9778749748851885,
        5.932277970495457,
        5.9268184839396785,
        5.895312381442615,
        5.933462865469349,
        5.6910918249562235,
        5.764485633457421
    ],
    "settings": {
        "calculation_domain": "pq",
        "hdr_mode": "sdr",
        "bit_depth": 8,
        "color_range": "full",
        "eotf_function": "bt1886",
        "l_max": 300,
        "l_min": 0.1,
        "gamma": 2.4,
        "pu21_mode": "banding",
        "legacy": false,
        "version": "0.2.1"
    },
    "input_file": "NETFLIX_ElFuente_1920x1080_14296frames_2997fps_013079_013158.y4m"
}
