{
    "si": [
        10.038410901905419,
        9.681801731183757,
        9.33248406923523,
        8.888569773200613,
        8.455687277669794,
        7.967004587695089,
        7.542183060382226,
        7.0899855375006435,
        6.708947924627144,
        6.505839891765417,
        6.4863628344926445,
        6.387367614648934,
        6.450166763047718,
        6.485635281620512,
        6.553529843400307,
        6.625964800130592,
        6.631166511008115,
        6.661498180757171,
        6.695315202789882,
        6.783147442144613,
        6.813003411907617,
        6.844973863561442,
        6.786096378281025,
        6.8610981700226334,
        6.941023477860451,
        7.02119826049793,
        7.180340746569507,
        7.266370313736599,
        7.411307200043205,
        7.543255946002775,
        7.7645010861634605,
        7.955244189613896,
        8.189470377987941,
        8.433598528519738,
        8.636241394095398,
        8.912961828160258,
        9.17018340565743,
        9.416517564269743,
        9.553054671496133,
        9.659101080813011,
        9.962776755413813,
        10.015028816530375,
        10.11583464399471,
        10.226513120214339,
        10.176801083571378,
        10.325981368320893,
        10.213525712156034,
        10.216165724121252,
        10.154244497533597,
        10.167356539265494,
        10.151855248122681,
        10.09812373668512,
        10.117909185358485,
        9.911848288735593,
        9.73048466054603,
        9.450894540896568,
        9.108954705269134,
        8.833310974526995,
        8.48212142673245,
        8.241067020699099,
        7.948957427503981,
        7.867535845112046,
        7.890908099678333,
        8.013031132151045,
        8.227778850342702,
        8.511051303182924,
        8.96766209361194,
        9.436117417289948,
        10.002730707534758,
        10.581016926022304,
        11.016220455484548,
        11.291499397245763,
        11.457168863041433,
        11.664004863238372,
        11.773396900224137,
        11.95813485166647,
        12.128704056778105,
        12.142100513690208,
        12.384067155377373,
        12.664887028808048,
        12.543821633231044
    ],
    "ti": [
        10.086518710340465,
        10.218984537696972,
        10.293751696949565,
        9.899156948415447,
        9.515576375639613,
        9.240053042855267,
        9.16646350814289,
        9.329841838065105,
        9.599391679799211,
        9.835581379476695,
        9.964718444574487,
        10.176093521119572,
        10.340528601484543,
        10.38091808444923,
        10.397986667398204,
        10.393424864185626,
        10.11855357829536,
        10.275019589088581,
        10.242940763775309,
        10.122992676384708,
        9.88183433406097,
        9.449997172503677,
        8.815309734894225,
        8.1085502614217,
        7.377297500655108,
        6.663341075572854,
        5.83168559191153,
        4.9733257545867104,
        4.232775859632789,
        3.6195120582984996,
        3.3203309045941176,
        3.2665457937636955,
        3.429867620360218,
        3.633720294685426,
        3.8732120995356976,
        4.097816349937956,
        4.316264217502136,
        4.45241415215412,
        4.588704093921535,
        4.79046105138791,
        4.893788349027945,
        4.976999789433216,
        5.144150859138297,
        5.17075794594474,
        5.213756956584696,
        5.273695791903829,
        5.321357793613489,
        5.354873215858225,
        5.415074870856209,
        5.497727180890097,
        5.488864514602697,
        5.481232058847529,
        5.46194003020727,
        5.450515827837003,
        5.445173726830438,
        5.458319811007728,
        5.33187706826887,
        5.153817338788716,
        4.980245412019202,
        4.774808667195714,
        4.58387977921596,
        4.493783193194697,
        4.773723351266866,
        5.253416480054672,
        5.520896036547304,
        5.61223650823106,
        5.705205279601087,
        5.852327691925273,
        5.926416817461655,
        6.076003308031147,
        6.22990935957641,
        6.4534909165508365,
        6.6937285617170685,
        7.03046621399471,
        7.36955387342144,
        7.789817563534754,
        8.530192042524432,
        9.441620687255579,
        9.524515400073648,
        9.540567925108935
    ],
    "settings": {
        "calculation_domain": "pq",
        "hdr_mode": "sdr",
        "bit_depth": 8,
        "color_range": "full",
        "eotf_function": "bt1886",
        "l_max": 300,
        "l_min": 0.1,
        "gamma": 2.4,
        "pu21_mode": "banding",
        "legacy": false,
        "version": "0.2.1"
    },
    "input_file": "NETFLIX_ElFuente_1920x1080_14296frames_2997fps_007281_007361.y4m"
}
