{
    "si": [
        21.711318162843536,
        21.324435313575997,
        20.796102256834857,
        20.423133627897528,
        19.86136911548383,
        19.41781819293548,
        18.951035765353343,
        18.56954270317419,
        18.162142162840258,
        17.943674700134125,
        17.662703673551604,
        17.56718082601695,
        17.559449600064926,
        17.645757941368437,
        17.824174066037713,
        17.967487842020624,
        18.112261438065737,
        18.276618190372453,
        18.48702653854342,
        18.63898555325119,
        18.900144434407103,
        19.25069988874606,
        19.643336952219464,
        20.035102575814207,
        20.324122842805625,
        20.689959223360308,
        21.033118780861706,
        21.299674502747823,
        21.62482461488036,
        22.093327914647613,
        22.457098810049175,
        22.93872225967305,
        23.30661814996822,
        23.77835348445621,
        24.26104342210386,
        24.805228619528407,
        25.324539157094176,
        25.990094725915927,
        26.772424817597773,
        27.307488101057434,
        27.95021438290982,
        28.506909471713737,
        29.034670129805736,
        29.456025793664125,
        29.84109538658619,
        30.20002576951839,
        30.540010968189705,
        30.811957347726818,
        31.111840220262774,
        31.125656298707554,
        30.989349547410434,
        30.856473129618813,
        31.015715918999597,
        31.45392290056592,
        32.07625496772066,
        32.8745208155967,
        33.56351637491044,
        34.44549732033967,
        35.11486265740336,
        35.83850775703872,
        36.63056927261703,
        37.443975841977505,
        38.12139946946473,
        38.89606532894503,
        39.56555578436416,
        40.279861512383995,
        41.03991406792198,
        41.59873097718779,
        42.357868750535744,
        42.97906061407907,
        43.63972590784654,
        44.12006200240268,
        44.59851343437724,
        45.03792883046457,
        45.55548679800015,
        45.90668047113641,
        44.709639632560204,
        41.47490919900632,
        38.16781854327356,
        34.91293387677926,
        31.52303987221866,
        28.122918160758744,
        24.821534788333192,
        21.446574598197508,
        18.391550441529684,
        15.788190113561338,
        14.332243634887357,
        14.811624460000067
    ],
    "ti": [
        7.656756044373241,
        7.488482811685491,
        7.400935881809341,
        7.24762555297373,
        7.16307585460968,
        6.964701719076311,
        6.763961658580168,
        6.591881875564886,
        6.461939317339018,
        6.370667105844298,
        6.200136864262156,
        6.161779347932605,
        6.162180233828169,
        6.196744296516863,
        6.234394452453065,
        6.288665022954568,
        6.340862667138715,
        6.378854045946624,
        6.42887368590377,
        6.499528808308986,
        6.596096093431065,
        6.718250127743559,
        6.86945163955136,
        7.041935137296456,
        7.166614467935049,
        7.293606304735431,
        7.4040828576108755,
        7.525300466840211,
        7.639957786456036,
        7.779713364935023,
        7.924245192334441,
        8.065423592207445,
        8.260796757745318,
        8.448857899046727,
        8.622860557220811,
        8.827944350782023,
        9.026446838997474,
        9.2818928451644,
        9.458964434542347,
        9.702229556097208,
        9.954819147434618,
        10.052571309266737,
        10.214710266165332,
        10.350561011158275,
        10.504233873229579,
        10.721155462415034,
        10.763694051247041,
        10.77905622755394,
        10.689511474554658,
        10.563710269664309,
        10.583347354718688,
        10.457476692471436,
        10.407972516657779,
        10.398633833575389,
        10.504461793027781,
        10.65315055389776,
        10.782993960469001,
        10.926982131354642,
        11.073217680069106,
        11.281626500693667,
        11.415291543765113,
        11.61901882659839,
        11.795767363105822,
        11.979531273174713,
        12.223038314527715,
        12.443915087795997,
        12.684850341775629,
        12.904922728353219,
        13.156662268206912,
        13.379870941655696,
        13.630767260537764,
        13.851082012478589,
        14.01708337322073,
        14.249297192726152,
        14.408624955477393,
        14.433773383956492,
        13.973169354314033,
        13.173004890642012,
        12.38358541205687,
        11.720994790398478,
        11.155950435848647,
        10.618348463645376,
        10.213808344720517,
        10.041978758258438,
        10.2867860011021,
        10.741357127638558,
        11.627048555542427
    ],
    "settings": {
        "calculation_domain": "pq",
        "hdr_mode": "sdr",
        "bit_depth": 8,
        "color_range": "full",
        "eotf_function": "bt1886",
        "l_max": 300,
        "l_min": 0.1,
        "gamma": 2.4,
        "pu21_mode": "banding",
        "legacy": false,
        "version": "0.2.1"
    },
    "input_file": "NETFLIX_ElFuente_1920x1080_14296frames_2997fps_006959_007046.y4m"
}
