{
    "si": [
        40.3930922886874,
        40.33886120588163,
        40.333437812301426,
        40.19952612376263,
        40.23833545479556,
        40.295897036846846,
        40.355305032369124,
        40.5069672333757,
        40.52540813835432,
        40.49989541213848,
        40.4834941478391,
        40.69309150371847,
        40.734165980166225,
        40.63215649961116,
        40.61391396071082,
        40.668417168143336,
        40.64134771414475,
        40.63715487472092,
        40.554837343148115,
        40.660568259035756,
        40.66788470481477,
        40.611960978409876,
        40.594528798058015,
        40.80223988611467,
        40.857190144869726,
        40.50646255690796,
        40.18062420281217,
        40.81589701641161,
        41.79910837481866,
        41.70206844519342,
        41.10891214109941,
        40.579735724311035,
        40.15412112164679,
        40.05629592951692,
        39.87442641584397,
        39.82758449931595,
        39.555724375990614,
        39.61183322357546,
        39.95489829652363,
        40.14141568530234,
        39.93192548360381,
        39.790011675005026,
        39.89972105467038,
        39.91266837126089,
        39.69539784602356,
        39.71557649088196,
        40.27929248305602,
        40.4591138189598,
        40.597839549515825,
        40.699390784226956,
        40.74208942256388,
        40.79722593088073,
        40.86349138824386,
        40.83633525808281,
        40.76510635392953,
        40.69289113847564,
        39.32990787478828,
        37.939315665004045,
        36.57153427768145,
        34.99560518602536,
        33.398259373773364,
        32.151537807718775,
        31.05217927630847,
        30.16304011550848,
        29.471602922211535,
        29.258035259641815,
        29.310973867830125,
        29.578323364546087,
        30.20014551064805,
        30.858141229932034,
        31.30505300001386,
        31.716233337376526,
        32.21456429616994,
        33.09050542549751,
        34.15213133729217,
        35.216075410322915,
        36.38708253863475,
        37.652288177883804,
        39.0583144935243,
        40.47138867533928,
        41.922837979424486,
        43.39038472503985,
        44.907991442125024,
        46.487455565258244,
        47.93287258785097
    ],
    "ti": [
        7.072107462747925,
        8.493482891078806,
        10.497230010090405,
        12.41512494528837,
        14.460412386241872,
        14.81081485680446,
        13.119094254078778,
        7.437593054360335,
        10.258724625877083,
        11.084254574673245,
        11.05051140222341,
        11.355974530231272,
        10.308581446477964,
        11.93601818340989,
        10.084291310471073,
        6.616520355740049,
        4.439449045673374,
        5.616292865956543,
        4.262422664614592,
        6.686839301288869,
        12.440206418284676,
        13.710900832454612,
        14.19395576603292,
        11.379287410691365,
        15.681180040201811,
        22.107500343811896,
        23.33536621646622,
        19.253978851789945,
        5.774675892453467,
        18.858010924983375,
        20.70330894817942,
        20.117649543624488,
        19.06567261442327,
        17.447662022018733,
        19.768531804488084,
        19.411129598493677,
        20.81028045919688,
        18.353982881780283,
        11.679311493111138,
        10.269477701949707,
        16.369826646455703,
        17.210476296374562,
        13.084727707529046,
        17.41724340743259,
        20.82431221939823,
        18.493166544899566,
        13.055551818133058,
        12.684918034288751,
        13.333308403245042,
        8.662420554100748,
        4.69188683189829,
        8.681409409449858,
        9.834325242730896,
        8.911758456908608,
        8.633905464586357,
        10.265870760516894,
        13.522488314152852,
        9.25113527884343,
        7.198688112811366,
        8.94490397168939,
        11.271588417063407,
        9.588379032287206,
        13.095249218207147,
        13.844091610699097,
        14.12857535261646,
        13.938566755299346,
        13.753511462087287,
        12.60307024916346,
        10.554032416812758,
        8.186420850394901,
        9.91767909604053,
        11.372568079953737,
        10.931659280324418,
        10.464469299966524,
        11.182610741705972,
        12.037274600015467,
        11.921679972347235,
        12.463041345225811,
        13.184882455601008,
        13.231806978882451,
        13.274817797184786,
        14.101998051993684,
        14.58411602219536,
        14.60611453673166
    ],
    "settings": {
        "calculation_domain": "pq",
        "hdr_mode": "sdr",
        "bit_depth": 8,
        "color_range": "full",
        "eotf_function": "bt1886",
        "l_max": 300,
        "l_min": 0.1,
        "gamma": 2.4,
        "pu21_mode": "banding",
        "legacy": false,
        "version": "0.2.1"
    },
    "input_file": "NETFLIX_ElFuente_1920x1080_14296frames_2997fps_007619_007703.y4m"
}
