{
    "si": [
        23.400975091181937,
        22.984983675298114,
        22.82130062911008,
        23.205445700764916,
        23.161691842067455,
        22.588427298724778,
        22.496740765978245,
        23.486621002229093,
        23.08843740125687,
        22.9733495371185,
        23.631764550759083,
        24.167374512514396,
        24.00614507142314,
        24.22384473297652,
        24.252022046000715,
        23.581051007669405,
        23.198792322227035,
        22.142012787618945,
        21.69550422666632,
        21.706373608820467,
        22.386411948541674,
        22.896615911686972,
        23.738195489269838,
        24.356566320987355,
        24.971771582578082,
        25.46923175234734,
        24.699853030810274,
        25.022197418055,
        24.501949455669628,
        24.575827498739724,
        24.318055580419244,
        24.588174967292947,
        24.220714747751995,
        24.94749627666893,
        24.919364132485455,
        24.605449073628765,
        24.74793037551714,
        24.910415656254905,
        25.32290263745262,
        25.339469358963317,
        25.123441759111792,
        23.950583431000954,
        24.30327838531335,
        24.786752524662557,
        25.151754217246275,
        25.74117008896926,
        25.401997997932916,
        25.22728969822159,
        25.80777672026427,
        26.069692846322923,
        26.493896970444418,
        26.038535042974594,
        26.17908921111465,
        25.118998983604484,
        25.13086647754071,
        24.693135827595526,
        23.963073479434797,
        24.099642412826196,
        24.881573306734005,
        25.487808237153526,
        24.757568309753847,
        24.920933936420624,
        24.875131653154156,
        25.301895050757565,
        24.101721071338407,
        21.283688891853302,
        19.171780147678756,
        17.978696066345606,
        16.59703153093842,
        15.884769057075664,
        16.435787919067753,
        17.36129058636701,
        18.354652754355843,
        19.277135117907978,
        21.434288099688057,
        24.3624280203726
    ],
    "ti": [
        14.294731401043089,
        14.007638624782173,
        13.56607777695269,
        13.602824635474205,
        15.440744492633707,
        16.541670241070076,
        16.77870381545352,
        16.51310642361005,
        16.49845602367751,
        15.086226665134303,
        13.11535619834698,
        12.233334042463637,
        12.494281471533254,
        12.37133705855208,
        13.739977598561481,
        14.853778192214296,
        16.50030790932502,
        17.43980816288409,
        17.71291732385867,
        16.37589601190097,
        15.441637555388066,
        15.886930549870064,
        14.766883212564325,
        13.654484414023774,
        12.569540421692725,
        15.265434331288146,
        17.288356897146166,
        17.56505897555977,
        17.95333614675106,
        16.585329692328333,
        16.25403857415771,
        14.99978979721884,
        14.520443311956399,
        14.075071976068307,
        14.589741866179907,
        14.63614876829969,
        14.302889947859427,
        15.056958151796591,
        15.285934909459668,
        15.062716445453065,
        15.439505265804113,
        15.896459094416448,
        14.954792996061425,
        13.626810504790862,
        12.452992045420242,
        12.02394542097465,
        14.02795455956443,
        12.970625250257562,
        12.50157887263996,
        11.445938989403974,
        11.851961480254612,
        12.259389410200315,
        13.292140791624574,
        14.49911894604989,
        14.711214798568776,
        15.349888823800915,
        15.721413779735185,
        15.167015638236375,
        13.819918947956504,
        13.687588201499969,
        14.045727400358892,
        13.901490775869407,
        13.794880796143813,
        13.152400366352747,
        12.812494820549325,
        12.046488505304133,
        11.103596855795342,
        11.110288165151273,
        11.25209694484277,
        11.506522502877598,
        11.971187257850392,
        13.787486937741239,
        15.404013991040191,
        16.39271221967028,
        17.602949852063848
    ],
    "settings": {
        "calculation_domain": "pq",
        "hdr_mode": "sdr",
        "bit_depth": 8,
        "color_range": "full",
        "eotf_function": "bt1886",
        "l_max": 300,
        "l_min": 0.1,
        "gamma": 2.4,
        "pu21_mode": "banding",
        "legacy": false,
        "version": "0.2.1"
    },
    "input_file": "NETFLIX_ElFuente_1920x1080_14296frames_2997fps_003274_003349.y4m"
}
