{
    "si": [
        24.23728552860465,
        24.24039710914813,
        24.25348816820511,
        24.24101155150392,
        24.232418136152305,
        24.24633234665426,
        24.22887054867564,
        24.234348758392517,
        24.22486048814879,
        24.230259465268944,
        24.232884776498945,
        24.23006675177198,
        24.220369760475077,
        24.234799667936525,
        24.250875531374437,
        24.25675056904883,
        24.26918947043932,
        24.243596616118165,
        24.23083159981778,
        24.245342377612197,
        24.21254532940947,
        24.19697157532422,
        24.222030236439565,
        24.249306888824307,
        24.27287920177663,
        24.31270063678935,
        24.294226500431453,
        24.300240562890956,
        24.321935645563194,
        24.309661046225578,
        24.30343729050529,
        24.307639253861673,
        24.306269681905654,
        24.289169604899445,
        24.267954939003005,
        24.286715174394978,
        24.29404966382467,
        24.305282564777603,
        24.29216755271514,
        24.292360625179185,
        24.28129283790409,
        24.304266057118294,
        24.244747478541953,
        24.22360437234891,
        24.208394031874384,
        24.174503330211078,
        24.18708059688963,
        24.169921262998287,
        24.14679996940043,
        24.145325374378412,
        24.14120032810124,
        24.149657152283304,
        24.107993623329488,
        24.09387630286242,
        24.076618540088194,
        24.090187919145833,
        24.072793075967137,
        24.08435961141468,
        24.10992775686717,
        24.113779070131844,
        24.131368669333657,
        24.13249793392751,
        24.11273077035591,
        24.11443411384587,
        24.09566446338033,
        24.09574489394509,
        24.100681292309396,
        24.120856696262422,
        24.10899297299592,
        24.10250279001131,
        24.087460236637348,
        24.079914785644164,
        24.071618880374423,
        24.080369219857733,
        24.06828910188694,
        24.061146672701156,
        24.04852310425719,
        24.03571192666879,
        24.052746432901852,
        24.048701150202554,
        24.0695570630568,
        24.069000035741272,
        24.09508771591269,
        24.07237745057135
    ],
    "ti": [
        4.626338040825779,
        4.564145573510207,
        3.8625447084122406,
        3.06982952875059,
        2.4765561098740867,
        2.3312917210824375,
        3.1318956042237827,
        3.9196591664781644,
        4.174025582442894,
        4.209223451751609,
        3.723715977048351,
        2.7936585248654526,
        2.4747716729666682,
        3.3882244043849203,
        3.221330357088078,
        3.267212382984771,
        3.4914193401650855,
        2.7590238505803883,
        2.351025162402783,
        2.9055111421470596,
        2.8106043840775348,
        3.854774175886463,
        3.9759811201924977,
        3.650057258837973,
        3.4136209643499367,
        3.236151154003306,
        3.4511276226177436,
        4.043658915691281,
        3.253758388276031,
        3.2984394250269795,
        3.832121834545382,
        3.683273534840803,
        3.7968867446209087,
        3.653648984791496,
        4.168753954493401,
        4.505245704270891,
        4.360775922669414,
        5.136697384737659,
        5.742061649328986,
        5.575104427268679,
        4.5487887887978316,
        4.353562933766265,
        3.9618256685207514,
        3.536583196594829,
        3.3003320583888183,
        2.6380919468914947,
        2.76533388179004,
        2.8673149493984065,
        3.6443015349536525,
        3.92010005843599,
        3.1136818813587896,
        3.1304120758412126,
        3.229837802274519,
        3.562186940696415,
        3.7744769591526097,
        3.8806940014126257,
        3.8002439394522534,
        3.4704657541291524,
        3.3443449387028426,
        4.294821416100958,
        4.177571013242283,
        4.525047001573239,
        5.150945683731267,
        4.378739896991896,
        4.292861209625266,
        4.157973824986024,
        4.344206981778082,
        4.682045140196562,
        4.3211879513505735,
        4.20972443283266,
        3.9284817985578977,
        3.6725440515049557,
        4.362144194602984,
        4.969626827425045,
        4.9318641076930225,
        4.887784296807231,
        4.8548509979871515,
        5.056598260924238,
        5.084127932202838,
        5.010738398556827,
        4.687403261192015,
        3.502386097143738,
        2.8510059829935903
    ],
    "settings": {
        "calculation_domain": "pq",
        "hdr_mode": "sdr",
        "bit_depth": 8,
        "color_range": "full",
        "eotf_function": "bt1886",
        "l_max": 300,
        "l_min": 0.1,
        "gamma": 2.4,
        "pu21_mode": "banding",
        "legacy": false,
        "version": "0.2.1"
    },
    "input_file": "NETFLIX_ElFuente_1920x1080_14296frames_2997fps_001751_001834.y4m"
}
