{
    "si": [
        19.058012777345297,
        19.05618244722762,
        19.837354756367755,
        19.701100802559306,
        19.932076310463287,
        19.789913812127775,
        19.197666742867167,
        19.154136582945064,
        18.274638749394803,
        17.6482175122472,
        17.861621757887555,
        18.73011854757654,
        18.60584404186744,
        17.905032647564116,
        18.38181421513687,
        18.968715979490707,
        19.94870630768534,
        21.39574195926315,
        22.728598865975293,
        23.981749381369394,
        24.598054851000416,
        24.684639320253495,
        24.742770126641325,
        24.737094767517487,
        24.190871956809257,
        23.656438614988506,
        23.356573750302818,
        22.981887617194285,
        23.12472849411053,
        23.06782775944553,
        22.858958735126905,
        23.07283347862389,
        23.118377234658603,
        23.139966446403637,
        23.521360812426316,
        23.582312614943735,
        23.54178674738744,
        23.498151062885764,
        23.434833661654636,
        23.141255686851828,
        23.15083040023694,
        22.970053921320048,
        23.464456437885374,
        23.787362288343957,
        23.84201607970179,
        23.427886127316405,
        23.94375768839994,
        24.00411100522732,
        23.789956457202877,
        23.86510137432412,
        24.073430495934677,
        24.015696251850823,
        23.718798921508128,
        23.456668189034062,
        23.275744727470894,
        23.017507820431938,
        23.24011276024426,
        23.338541160817968,
        23.502188641784453,
        24.04490624462612,
        24.57084625297521,
        24.492981464233598,
        24.31727921770314,
        23.775987756183657,
        24.184766290469724,
        24.366129540734228,
        23.523304098192202,
        22.946702253322233,
        22.70103146056281,
        22.28453701750992,
        22.84563006362245,
        23.5657723074274,
        24.130235963076426,
        24.231625472959838,
        23.900811446398237,
        23.77142426362435,
        23.57875540064716
    ],
    "ti": [
        15.436284464131667,
        16.097599736152123,
        16.295282190080357,
        17.903353445448968,
        18.78782095658243,
        16.5985921093323,
        16.188025006270507,
        17.08942394824499,
        19.31760941796243,
        18.99336540192424,
        17.111640040187723,
        16.384222886202547,
        16.847580843410213,
        16.77140673850738,
        15.442266953918985,
        15.109379143869894,
        14.725032407073927,
        14.444494285528052,
        14.148573952828068,
        12.726392917833618,
        12.589000699085721,
        11.097045191031187,
        10.734134767480876,
        11.456420238293456,
        12.853874266533197,
        14.018109632471443,
        15.352251976933461,
        16.11095425757236,
        16.56272047045134,
        14.91132096423748,
        15.28657928042505,
        15.569542234740366,
        14.174069875531222,
        13.449334663065967,
        13.042084214872531,
        12.512511705956847,
        11.660763435501996,
        12.53921349311168,
        14.298820302085005,
        14.653237481882991,
        15.462769591846271,
        15.113914674764812,
        14.934577428842246,
        13.18604839848378,
        13.53866037500428,
        13.65437764635792,
        13.907989093025444,
        13.859516968630011,
        13.519638957812301,
        13.026103330099437,
        12.853342301333079,
        13.379177205391334,
        13.968665965743188,
        14.284218604090157,
        14.133611113876324,
        13.683905878307717,
        14.361806989528512,
        14.493132222613385,
        14.340146452721607,
        13.424300466807363,
        13.648853974742279,
        14.070762165368802,
        14.612496053663797,
        14.56869908343242,
        13.77327820295424,
        13.971145718258095,
        14.870090997802656,
        14.885318836545025,
        15.097070847625863,
        15.027565873829394,
        14.388506031014659,
        13.116706042052133,
        13.232279802998562,
        13.879690058977225,
        14.43887273828221,
        14.596015242081291
    ],
    "settings": {
        "calculation_domain": "pq",
        "hdr_mode": "sdr",
        "bit_depth": 8,
        "color_range": "full",
        "eotf_function": "bt1886",
        "l_max": 300,
        "l_min": 0.1,
        "gamma": 2.4,
        "pu21_mode": "banding",
        "legacy": false,
        "version": "0.2.1"
    },
    "input_file": "NETFLIX_ElFuente_1920x1080_14296frames_2997fps_003197_003273.y4m"
}
