{
    "si": [
        14.064756705676341,
        12.40640750519958,
        19.373167069892126,
        20.814858953581087,
        21.007720893557053,
        19.78484002805238,
        18.213436937323223,
        13.779292981091778,
        12.357358930291799,
        12.474538441919085,
        14.944504455482562,
        15.72718994397161,
        19.430700060267675,
        16.976716259310088,
        19.222515503118107,
        18.720524585155385,
        15.784145419846357,
        16.19624907958898,
        14.31066319497166,
        13.562725100330583,
        14.101534352832532,
        16.472202620079912,
        17.39785036898611,
        16.933746278948913,
        17.30988018093227,
        20.197416389606826,
        18.524026416776483,
        20.031881583500716,
        20.459012020655983,
        20.433539686634013,
        20.56945978633423,
        18.740539322822386,
        16.5485822634809,
        15.678984249692682,
        15.771960489124265,
        15.802469885145971,
        16.587477799209186,
        17.588043912982513,
        15.60748941118004,
        15.957571733508075,
        15.408770384263471,
        13.76697013823315,
        16.390293336785792,
        14.783369612001241,
        14.269641889656723,
        15.945089670340174,
        16.136233964376032,
        15.131363935258541,
        14.79268753151433,
        14.610705618761825,
        14.464872248449783,
        14.888182846432313,
        14.743238889081963,
        14.904410540823635,
        14.838487682334517,
        14.930148354644691,
        15.08768697012992,
        15.443563859219703,
        15.726875101820672,
        15.548543250750573,
        15.956388937453402,
        15.725598142233554,
        15.848623996628188,
        15.836704809049387,
        16.032592006924887,
        15.642546833552926,
        15.842202250154287,
        15.808148627746023,
        15.138629031870947,
        14.96309945370998,
        14.694205132105896
    ],
    "ti": [
        8.600448146419941,
        14.606480332909578,
        13.163314076143712,
        13.139908578828843,
        12.965193786735078,
        12.32565189073161,
        12.119798907054088,
        6.789125421442681,
        5.932643833276432,
        8.75451424949449,
        9.162709791479488,
        11.65885267343769,
        10.029502316239077,
        10.361672233952973,
        9.425898005413009,
        10.095269295578378,
        8.805883334088989,
        8.437472173325693,
        6.258936121752646,
        6.254951735670083,
        8.259368295742238,
        8.464743207237781,
        8.545983644337676,
        8.160886340112633,
        10.333684617679637,
        10.59757116576248,
        11.040246881353843,
        11.56297278003842,
        10.009375076455578,
        8.915046039854296,
        9.720329908279064,
        10.045718863577878,
        8.664287281942906,
        7.973067830666572,
        6.807588345828609,
        7.511196647765054,
        8.405438624400915,
        8.852047765272488,
        7.686800962357099,
        7.950908854093153,
        8.061505983419787,
        8.844917651437441,
        7.551657367673638,
        6.971845078018447,
        8.450820780264506,
        8.917012139893924,
        8.620458638829497,
        7.097939044383805,
        6.786169895599607,
        7.17263662330599,
        6.674029739211978,
        5.583149695375314,
        6.074029573990442,
        6.899631453751025,
        8.463066083570054,
        9.105858752098356,
        8.549288946219411,
        7.993044389565311,
        8.032592394496513,
        7.445325805880851,
        7.361040016807689,
        6.704730462045838,
        7.002848087282394,
        6.8341734068954665,
        7.3103293536981,
        7.386503310805891,
        7.30842608354542,
        8.436150322785217,
        8.775766461524336,
        8.931445378681385
    ],
    "settings": {
        "calculation_domain": "pq",
        "hdr_mode": "sdr",
        "bit_depth": 8,
        "color_range": "full",
        "eotf_function": "bt1886",
        "l_max": 300,
        "l_min": 0.1,
        "gamma": 2.4,
        "pu21_mode": "banding",
        "legacy": false,
        "version": "0.2.1"
    },
    "input_file": "NETFLIX_ElFuente_1920x1080_14296frames_2997fps_003126_003196.y4m"
}
