{
    "si": [
        13.048119799384098,
        13.082679571753285,
        13.179085436792805,
        13.298949049951771,
        13.382124454945071,
        13.351096271247023,
        13.60115346574823,
        13.74181008421961,
        13.997728497026682,
        14.217997279885031,
        14.67302208207386,
        14.763495774061667,
        15.119670170915633,
        15.44141613197828,
        15.484111931724652,
        15.64241584682733,
        15.618320029424716,
        15.641090457910922,
        15.727831040852116,
        15.420944785931333,
        15.301820604607405,
        15.33789687177296,
        15.434152006174239,
        15.42404801443285,
        15.47422170366016,
        15.666300333141269,
        15.6199143877145,
        15.78630680225005,
        15.897413121891159,
        16.01059879166648,
        16.07577518602964,
        16.037199833509437,
        15.895925458354311,
        15.864278218963502,
        15.817456106891566,
        15.880877005583105,
        15.920524052599871,
        16.06789680942441,
        16.162411246119888,
        16.340730728774297,
        16.442912148775054,
        16.532252738695657,
        16.339483102588982,
        16.549654980948546,
        16.745806608874453,
        16.828369981002144,
        16.920373380927003,
        17.136042058542742,
        17.170559327939586,
        17.278469687716154,
        17.519229108416123,
        17.649124526618422,
        17.722778903114342,
        18.153135573862215,
        18.470680082524463,
        18.486307798613712,
        18.597121327421682,
        18.56915103335227,
        18.530340850543574,
        18.63114574072167,
        18.95276532838365,
        19.471581188026224,
        19.813719707781203,
        19.74683695532729,
        19.770578989852282,
        19.727648023375483,
        19.915894040611636,
        19.905474478236027,
        19.954210469500435,
        20.03312264251248,
        20.222896315630702,
        20.55015781039652,
        21.023486537878874,
        20.527911672478268,
        18.94362656072857,
        17.3905711246692,
        16.013500995820657,
        14.779900469819205,
        13.805413137428626,
        13.37942256826385,
        13.472416222006132,
        14.058450566400616,
        15.104387258953068,
        16.789665418431017,
        18.923478983183276
    ],
    "ti": [
        4.451742591953939,
        4.623487969854131,
        4.771052331711134,
        4.767712997525411,
        4.613931084405963,
        4.6945293705478015,
        4.736381766775313,
        4.870558868948628,
        5.131825865216166,
        5.312257969789884,
        5.529984440500868,
        5.571771179591034,
        5.624895212589774,
        5.7668933579019095,
        5.786291256083007,
        5.727312917554992,
        5.697218220566778,
        5.761920542982777,
        5.784983057817387,
        5.722173564363568,
        5.596703737015703,
        5.431162583975412,
        5.5268436825911325,
        5.559344241881117,
        5.634112129298311,
        5.750243083774617,
        5.810875819071091,
        5.819167626729157,
        5.893642071825157,
        5.98060874787936,
        5.983840550681467,
        5.993687978793396,
        6.1037489852324445,
        6.307084784772309,
        6.418348800800191,
        6.587648785231731,
        6.770202223713068,
        6.746369633313093,
        6.75993772497855,
        6.771501451598095,
        6.936579818286089,
        6.722774100452006,
        6.505299495739958,
        6.687599581000019,
        6.774107989296015,
        6.832276280961329,
        6.988724557305498,
        7.177003139689843,
        7.115776362868348,
        7.131279604001992,
        7.232004030472835,
        7.3861928925638995,
        7.6378281192764375,
        7.6197678102601545,
        7.416170565657449,
        7.316708864765398,
        6.993373458704209,
        6.820124856110064,
        6.526954058073788,
        6.642311633772746,
        6.776105977552751,
        6.932329131977929,
        6.792548828554696,
        6.85159036478287,
        6.883945277701922,
        6.788845579651844,
        6.845515176066617,
        6.905533499168997,
        6.812476313679427,
        6.8170947790407705,
        6.95987266262556,
        7.204778726319667,
        7.639595028289973,
        7.930920309252867,
        7.567688380060621,
        7.061062342865571,
        6.482492016363768,
        5.983986263781465,
        5.705176401427835,
        5.539384946044528,
        5.7494349196978645,
        6.100558841251501,
        6.73634283024582,
        7.918944657561731
    ],
    "settings": {
        "calculation_domain": "pq",
        "hdr_mode": "sdr",
        "bit_depth": 8,
        "color_range": "full",
        "eotf_function": "bt1886",
        "l_max": 300,
        "l_min": 0.1,
        "gamma": 2.4,
        "pu21_mode": "banding",
        "legacy": false,
        "version": "0.2.1"
    },
    "input_file": "NETFLIX_ElFuente_1920x1080_14296frames_2997fps_006750_006834.y4m"
}
