{
    "si": [
        20.291620752016772,
        20.33667693499518,
        20.149511248494623,
        20.313802072804403,
        20.301660044253396,
        20.32510232617778,
        19.915248236923897,
        19.800512484172454,
        19.931382639977937,
        20.11080518097175,
        20.287894771819566,
        20.579889223590975,
        20.363937533669382,
        20.446116699911585,
        20.153048216748733,
        20.220275517180248,
        20.210709175706416,
        20.1705977003429,
        19.991713409995615,
        19.940619704027657,
        19.954997160457694,
        19.935106733732244,
        19.742764764924054,
        19.456620254987364,
        19.629573800989263,
        19.771449334716273,
        19.542795229426563,
        19.688428069128683,
        19.215085429746132,
        19.50885855316344,
        19.875407795873766,
        19.516211601596194,
        19.839740925669396,
        19.966407862677165,
        19.88958667067606,
        19.576698126394998,
        19.477311106360894,
        19.551494673514707,
        19.51414200180246,
        19.739217294997882,
        19.886147904707528,
        19.69435856800373,
        19.966205283815892,
        19.657321088689176,
        19.70974512025391,
        19.68857320965657,
        19.694603741422043,
        19.583163230389903,
        19.674784415506263,
        19.787152341316744,
        19.65744977958545,
        19.82842603433464,
        19.886927889511032,
        19.719540932045394,
        19.83838212523676,
        19.570809144838535,
        19.57058222036655,
        19.626832038613436,
        19.566576639129025,
        19.627661884990033,
        19.590829757709827,
        19.598728638960328,
        19.549143979030948,
        19.500974312190806,
        19.47639407162335,
        19.4831243312082,
        19.335583327755348,
        19.458642865464334,
        19.50370770315054,
        19.233585871608692,
        19.21757587548358,
        19.172333526929698,
        19.080946020979543,
        19.159657711454134,
        19.305235084458232,
        19.18658791846513
    ],
    "ti": [
        13.045218559873739,
        13.20398403661473,
        13.277621845093554,
        12.812299703525214,
        12.619254987201929,
        13.156089014133444,
        13.651548684860998,
        13.428209591920773,
        13.144378258499122,
        12.805243644394148,
        11.822854344455099,
        11.895541263340972,
        12.102783000499183,
        12.450667998332921,
        12.652948283322123,
        12.598730055817448,
        12.712107633167346,
        12.80835341471505,
        13.13795866565017,
        13.212604447403558,
        13.518734290142415,
        13.282878239011694,
        13.658409754102607,
        13.622775966832828,
        13.208660702977863,
        13.267584798524917,
        13.12346363399903,
        13.517813526903877,
        13.679381655991088,
        12.91801959355202,
        13.204859450106692,
        13.16034215468212,
        12.576480496364537,
        12.606360037889182,
        12.989703331155525,
        13.259306947305523,
        13.174522831968313,
        13.19542391758876,
        13.082035447338756,
        12.628950845980334,
        12.728896399621263,
        12.743130995400975,
        12.408134489256014,
        12.918745634224399,
        12.444840699237869,
        12.716739331014692,
        12.415640073366053,
        12.792108902503747,
        12.04033762229089,
        12.597064718828916,
        12.096198634180233,
        11.767181072780737,
        11.822041054355575,
        12.491184000121322,
        12.128024268916274,
        13.252121543150261,
        12.470621246093842,
        12.763495364702528,
        12.478273321735193,
        12.387294851937908,
        12.209582606264668,
        12.040623078753006,
        12.198268547762664,
        12.51420284134958,
        12.06047071160623,
        12.350037442099136,
        12.611649749463146,
        11.387581884025748,
        12.567896174046412,
        12.554587474029711,
        12.618517569247578,
        12.521771929309756,
        12.754827113125746,
        12.156690303651278,
        11.49939101537055
    ],
    "settings": {
        "calculation_domain": "pq",
        "hdr_mode": "sdr",
        "bit_depth": 8,
        "color_range": "full",
        "eotf_function": "bt1886",
        "l_max": 300,
        "l_min": 0.1,
        "gamma": 2.4,
        "pu21_mode": "banding",
        "legacy": false,
        "version": "0.2.1"
    },
    "input_file": "NETFLIX_ElFuente_1920x1080_14296frames_2997fps_009172_009247.y4m"
}
