{
    "si": [
        42.47645973688582,
        42.47490154285924,
        42.49391024944007,
        42.48682605470792,
        42.49439239991904,
        42.48465784658772,
        42.50034825063174,
        42.49787796462541,
        42.49572898491699,
        42.50393526788299,
        42.515614233430284,
        42.54345602227119,
        42.58625111522602,
        42.60957530366414,
        42.610968855138886,
        42.63575796132269,
        42.65757650114321,
        42.685143321748654,
        42.67056610190265,
        42.65823929360064,
        42.611370760934825,
        42.58591542636818,
        42.54814208647529,
        42.50778759016628,
        42.48152263397678,
        42.49216656953169,
        42.49149412844147,
        42.51928209569812,
        42.50156121244853,
        42.51067916530524,
        42.490121133086454,
        42.48045238864612,
        42.49984553572089,
        42.536936213570215,
        42.54472625217199,
        42.53243074351729,
        42.55920366332473,
        42.52666090188637,
        42.508963662238806,
        42.49690270252964,
        42.508092842021625,
        42.53381302675587,
        42.60184893295112,
        42.63584094687114,
        42.65953020701391,
        42.705882217196596,
        42.70059957589009,
        42.71407585164089,
        42.724011763312554,
        42.71061712489163,
        42.72584511129358,
        42.73359453277449,
        42.774186736925124,
        42.74278331230008,
        42.70983034292113,
        42.727059406971534,
        42.718568939001585,
        42.68161739257442,
        42.67517937800048,
        42.66307257333051,
        42.63503715941188,
        42.657034721282436,
        42.62917400991899,
        42.59265093093715,
        42.59637200492729,
        42.559090808552796,
        42.59152866855934,
        42.59516925914507,
        42.63337262051932,
        42.66304089728892,
        42.715415485582966,
        42.720144196823284,
        42.71194945742144,
        42.761946442298104,
        42.79775094448319,
        42.81970955695533,
        42.77467914996909,
        42.7545860943095,
        42.80828502187182,
        42.86007436933992,
        42.881129626891266
    ],
    "ti": [
        3.8198522361112652,
        3.8034291337378066,
        3.788340831826579,
        3.8014483394954697,
        3.821435751252925,
        3.850716030125204,
        3.8362536635049933,
        3.8446445204383264,
        3.7725991227413997,
        3.76940064394516,
        3.7667345572345536,
        3.81251956409561,
        3.8570418340250634,
        3.9086246624682643,
        3.961240530477815,
        4.020809997803436,
        4.06048545365119,
        4.085357169885581,
        4.114326141500035,
        4.165292947281702,
        4.184106746223531,
        4.184252916237655,
        4.146685767993879,
        4.152931046298035,
        4.1544806498421964,
        4.203586729571603,
        4.210936010520734,
        4.2662034697956175,
        4.221962605629805,
        4.223529550219499,
        4.254365560531406,
        4.251752997289343,
        4.252893439421795,
        4.25108058267092,
        4.262006919269467,
        4.284845497224144,
        4.2729259164671625,
        4.2997789630816206,
        4.329336363528187,
        4.318602264964711,
        4.328188047215741,
        4.359187853793151,
        4.385035756378504,
        4.417933410350242,
        4.454159854104232,
        4.456183437676284,
        4.46471779034267,
        4.4806004732512,
        4.469978076098389,
        4.441640021606004,
        4.445733017077223,
        4.444405831866817,
        4.4454137920218155,
        4.482038425668497,
        4.496281264948043,
        4.536534047280876,
        4.584454469446756,
        4.625865159957615,
        4.623656621326853,
        4.63416427897478,
        4.712181955619908,
        4.834632544116472,
        4.9036480651034555,
        4.96988599603301,
        5.028485635956839,
        5.115460191565626,
        5.348314611078375,
        5.508699471703788,
        5.672507232296788,
        5.856979430004965,
        6.061387985590485,
        6.326950405007932,
        6.438417007217891,
        6.458041734396554,
        6.516363889457541,
        6.516262643430188,
        6.468648338813222,
        6.49077357698588,
        6.387554649400668,
        6.431605468147233
    ],
    "settings": {
        "calculation_domain": "pq",
        "hdr_mode": "sdr",
        "bit_depth": 8,
        "color_range": "full",
        "eotf_function": "bt1886",
        "l_max": 300,
        "l_min": 0.1,
        "gamma": 2.4,
        "pu21_mode": "banding",
        "legacy": false,
        "version": "0.2.1"
    },
    "input_file": "NETFLIX_ElFuente_1920x1080_14296frames_2997fps_004079_004159.y4m"
}
