{
    "si": [
        34.34176328606069,
        34.290590635486716,
        34.30171082256659,
        34.29038118504804,
        34.294025568403306,
        34.28269450652444,
        34.24895250440329,
        34.26343925493092,
        34.334385063117686,
        34.40957707199402,
        34.39780531155582,
        34.34043797896418,
        34.34268958877525,
        34.286053506335044,
        34.2117386126974,
        34.1997445884435,
        34.150870789105454,
        34.15462497296615,
        34.205459305592015,
        34.2158009229539,
        34.33179579645179,
        34.320165918658034,
        34.27486524201471,
        34.27141786940052,
        34.26246846788286,
        34.22269209750809,
        34.25197597802562,
        34.2813345548263,
        34.304405674360304,
        34.36141381346744,
        34.347071184510696,
        34.29219532885987,
        34.24087151507261,
        34.197472319410586,
        34.081339954561514,
        34.046655490551494,
        34.17990674707805,
        34.165927146336735,
        34.29399476294636,
        34.34857827550273,
        34.37557078323592,
        34.32474470121868,
        34.44516489501255,
        34.41876848847298,
        34.40394153943175,
        34.4334577313715,
        34.507712116951986,
        34.63819502252999,
        34.64827491273541,
        34.69507680111696,
        34.70629175676856,
        34.71488209831998,
        34.693774442304075,
        34.63562931987612,
        34.49526107634206,
        34.39004989056087,
        34.23163160151183,
        34.15061406974375,
        34.1464954928946,
        34.31789399243973,
        34.375050797105544,
        34.324725065696086,
        34.327804656050404,
        34.40904544130784,
        34.45383350077188,
        34.50916705425798,
        34.56568107675737,
        34.65920869638056,
        34.620993133056245,
        34.657362627077816,
        34.74601936793734,
        34.68565297635114,
        34.65347072047916,
        34.727957911138255,
        34.83107890705108,
        34.81491525898406,
        34.71999000722343,
        34.68524596688251,
        34.69628929160501,
        34.791686599596765,
        34.92512327793267,
        34.94365559318323
    ],
    "ti": [
        10.855008974338281,
        11.415980712434743,
        11.805773165562105,
        11.862116943804786,
        11.999884259324716,
        11.95921837860012,
        11.740976738346278,
        11.327420630140685,
        11.133504040386008,
        11.07235930149665,
        11.660336430310235,
        11.646876443484517,
        11.907113744118002,
        12.427265730016865,
        12.557045060706567,
        12.6449666729926,
        12.692039338380086,
        12.31034457695652,
        12.118519125995494,
        11.686976183673023,
        11.216127185032349,
        11.836352766131252,
        12.224214576489794,
        12.8015962072773,
        13.459702866841619,
        13.492674769838775,
        13.368197629702962,
        13.408795587624784,
        13.291314883561906,
        13.216018278117298,
        13.3220407888847,
        13.308371081498972,
        13.367893042319798,
        13.46938592639371,
        13.771691390115038,
        13.415384021470434,
        13.200188659123793,
        13.05529502148356,
        12.855602732833592,
        12.753854715943167,
        13.101238215787859,
        13.102457736571347,
        13.100664466581815,
        13.376800058063377,
        13.293533227843616,
        12.972036766607195,
        12.500564623620265,
        12.203361024610308,
        12.343663968258904,
        12.143214847459964,
        12.18096581422125,
        12.356937714400544,
        12.620093737737418,
        13.043951585043658,
        13.513053511560004,
        13.886080988790503,
        14.183260017695888,
        14.274653048943405,
        13.854276358961116,
        13.177137653157033,
        13.405784175435793,
        13.578336811059843,
        13.338658728394497,
        13.000696366752077,
        12.564407951152406,
        12.286967784678783,
        11.893060931279958,
        11.981399500737174,
        12.252137320245456,
        12.065080097509512,
        12.172986019018763,
        12.695470713959594,
        12.865995988398854,
        12.560696191969933,
        12.489569420887069,
        12.740313297621007,
        13.196752159821981,
        13.366706206314502,
        13.408697524422363,
        13.0978705721032,
        12.774189623607937
    ],
    "settings": {
        "calculation_domain": "pq",
        "hdr_mode": "sdr",
        "bit_depth": 8,
        "color_range": "full",
        "eotf_function": "bt1886",
        "l_max": 300,
        "l_min": 0.1,
        "gamma": 2.4,
        "pu21_mode": "banding",
        "legacy": false,
        "version": "0.2.1"
    },
    "input_file": "NETFLIX_ElFuente_1920x1080_14296frames_2997fps_001182_001263.y4m"
}
