{
    "si": [
        19.035584182783552,
        19.217547855028208,
        19.100178875547968,
        19.302716023993874,
        19.22556988938581,
        19.169102883331856,
        19.10596874255165,
        19.07369816224291,
        19.219124911524816,
        19.06518719453964,
        19.235017324055132,
        19.139714971160238,
        18.879959127658488,
        19.069985150748543,
        18.974616545501288,
        18.747013964508806,
        18.76058466094024,
        18.550683754798303,
        18.483383838810767,
        18.593782434935093,
        18.489264056589327,
        18.3007688183739,
        18.270031948839982,
        18.2738005390208,
        17.960968687370627,
        18.14294631502274,
        18.211608267098327,
        17.984270412899193,
        17.95905432352974,
        17.949168935759563,
        17.78957003924031,
        17.671165519323296,
        17.780236687398038,
        18.00757073667781,
        17.89396656503228,
        17.815735389332094,
        17.764844259321844,
        17.795924468363815,
        17.63836365441849,
        17.781786694649398,
        17.714120392438748,
        17.791489580995254,
        17.61290265558811,
        17.485104719200443,
        17.73627057954461,
        17.72635679728426,
        17.59431113811645,
        17.449080113618525,
        17.45341056849579,
        17.371445934796295,
        17.28660254914788,
        17.10745094109854,
        17.121340426119012,
        17.02334148469893,
        17.149377104463824,
        17.166694157209196,
        16.918248877557613,
        17.09857183297126,
        17.077695068532798,
        16.774354834413185,
        17.06134174292356,
        17.119136034018624,
        15.916749767137429,
        15.0176881812246,
        14.300386664092876,
        13.57091219735341,
        13.134946928282682,
        13.213328666422601,
        13.36740355977948,
        14.110562722788739,
        15.082087397819627,
        16.46974641297468,
        17.85970249494086,
        19.462275244677283,
        21.37459806913234,
        23.756649701832735
    ],
    "ti": [
        11.993299866559076,
        11.992319504096358,
        11.656971546863241,
        11.203173998512947,
        11.454370203322911,
        11.683365500565872,
        11.767426882983536,
        11.440129316701869,
        11.256180833753243,
        10.98444418099576,
        9.685859638970529,
        11.840819514286645,
        11.621568160083488,
        10.940184668250286,
        11.96082570544088,
        11.981092843675063,
        12.18572853771655,
        12.757201999714148,
        12.35945013827405,
        12.083277311644995,
        12.417057107300183,
        12.679924917012048,
        12.455308252327866,
        12.879457819866014,
        12.871943342886295,
        12.336202558512323,
        12.450715098821563,
        12.782835705186546,
        12.572504148503606,
        12.767766031299304,
        12.819033420547653,
        12.90508036086966,
        12.2684525589136,
        12.14289229585836,
        12.27343074855665,
        12.538164464135267,
        12.193076351146306,
        12.35902896166757,
        12.303471879530255,
        12.098585738213497,
        11.810691481647908,
        11.829013557440303,
        12.364018043974491,
        11.971410792651847,
        11.278900157576784,
        11.742091544827458,
        12.049675182834731,
        12.016317019271211,
        12.008690313616983,
        11.991333411595674,
        12.1506921235256,
        12.402700146172839,
        12.486541779371143,
        12.540045721100299,
        12.175451241147456,
        12.536923383571477,
        12.626678974567161,
        12.248431574128338,
        12.731279557416011,
        12.754008502206718,
        11.730587887297942,
        12.005931705121569,
        11.45127188699895,
        10.482073589725317,
        9.827368892403474,
        9.663115258413843,
        8.900042243286011,
        8.411511215919749,
        8.98742178505932,
        9.037136702980275,
        9.748678642137499,
        10.387607884026805,
        12.065100368679051,
        13.109148739786672,
        14.76632605044279
    ],
    "settings": {
        "calculation_domain": "pq",
        "hdr_mode": "sdr",
        "bit_depth": 8,
        "color_range": "full",
        "eotf_function": "bt1886",
        "l_max": 300,
        "l_min": 0.1,
        "gamma": 2.4,
        "pu21_mode": "banding",
        "legacy": false,
        "version": "0.2.1"
    },
    "input_file": "NETFLIX_ElFuente_1920x1080_14296frames_2997fps_009248_009323.y4m"
}
