{
    "si": [
        26.73947793831698,
        26.27450851946443,
        26.32573613887973,
        26.725956635200056,
        26.71489675188382,
        26.04290408071635,
        25.77201767248405,
        25.62629925527844,
        25.297691932366458,
        25.306815437360466,
        26.001350298404788,
        25.44785014314532,
        24.76845088166457,
        25.10927959963487,
        24.913216510376042,
        24.513066103991584,
        24.39049326527113,
        23.69573466151827,
        23.920463284911516,
        23.691991196980144,
        23.462179417812344,
        23.461484288810748,
        23.83563011826485,
        24.0364003662602,
        24.135245144879505,
        23.943709349863393,
        24.452716856512353,
        25.086430771975063,
        24.655652074101834,
        24.746047840998916,
        25.300047543114417,
        26.015375995835146,
        26.361186104967295,
        26.444305088843972,
        27.41195871953825,
        27.310157214419505,
        27.286728101385865,
        27.748595199211596,
        27.97706293891754,
        27.403763403825167,
        27.85383202626868,
        27.845555790389426,
        27.63789454324971,
        27.14422997608997,
        26.518066140649804,
        25.04019662026197,
        24.99366832172163,
        25.66584147315743,
        25.525250251098672,
        25.82148824850999,
        26.22988940860895,
        25.773533585251045,
        25.109000265109877,
        24.671910027309103,
        24.723389554384813,
        23.86729509350007,
        23.385388204549084,
        23.918754719530472,
        23.92531245914073,
        22.995403903859167,
        22.536500143853544,
        22.738509553903654,
        22.724746664450773,
        22.293665257339654,
        22.111351273484875,
        22.06080793164648,
        22.635696700234643,
        22.197674841908846,
        22.06385697979049,
        21.42717184537409,
        21.4058875602181,
        21.35936640439573,
        21.384284675501394,
        21.154221807051716,
        21.11145663489563,
        21.581594001180612,
        21.7242993763316,
        21.930338898469383,
        21.92021722987572,
        21.514407270264385,
        21.34488224957754,
        21.18542864830866,
        21.707360871855716
    ],
    "ti": [
        16.240905389547528,
        16.80075317892541,
        16.241302812749687,
        15.818798508477103,
        16.549386764416887,
        17.3546813413737,
        17.110591903490903,
        17.483935379919885,
        17.69431568013583,
        17.181180668040028,
        16.905154195523476,
        17.644793796943155,
        17.3360014001272,
        16.728990116304217,
        17.325321219468467,
        17.194039248709274,
        17.660438531996093,
        17.675304899413316,
        17.251236185881787,
        17.481660227671963,
        17.484969552777038,
        17.46444969144438,
        17.58720520684403,
        17.632562069476926,
        17.946289797634652,
        18.146596677801366,
        17.504933184825063,
        17.727655333587354,
        18.87442283774965,
        19.07149909984264,
        19.1784943128467,
        18.862375852242728,
        19.379936991758886,
        19.332861387223623,
        19.366216004099865,
        19.7661826446208,
        19.873408831081573,
        19.63519170736534,
        19.917437075791202,
        19.904018860493757,
        19.42316796264398,
        19.330974167475137,
        19.286787956464448,
        19.241945663667412,
        19.7326497547336,
        20.16948748428186,
        19.298238846466365,
        18.40807246200305,
        17.813110897653832,
        16.367051119285325,
        15.373445396078656,
        15.657977899415327,
        16.213409981904096,
        15.790348569688728,
        16.07506271682954,
        17.30272773296519,
        17.05020359888319,
        15.90150495789056,
        16.600286526546544,
        17.51137998382632,
        17.201866464648933,
        16.682583592803685,
        16.82620265784164,
        17.09956188012364,
        17.01505158400625,
        16.106745784311684,
        15.740524084877176,
        16.20294692372942,
        16.7876832651184,
        17.245565954634138,
        17.315158767310393,
        17.275226762856263,
        17.39541756180382,
        17.528631788579062,
        17.067687417470957,
        16.54430701084704,
        16.234250368440733,
        16.127324214823506,
        16.379257244635482,
        17.07043017126962,
        17.236183304957418,
        17.04626939684688
    ],
    "settings": {
        "calculation_domain": "pq",
        "hdr_mode": "sdr",
        "bit_depth": 8,
        "color_range": "full",
        "eotf_function": "bt1886",
        "l_max": 300,
        "l_min": 0.1,
        "gamma": 2.4,
        "pu21_mode": "banding",
        "legacy": false,
        "version": "0.2.1"
    },
    "input_file": "NETFLIX_ElFuente_1920x1080_14296frames_2997fps_009324_009406.y4m"
}
