{
    "si": [
        13.36025459279804,
        13.452861811871175,
        13.500970654397788,
        13.52438069078338,
        13.707609179449209,
        13.784563105230173,
        13.856607887451997,
        13.880390880583196,
        13.844136381786504,
        13.815009771291386,
        13.86046442449128,
        13.87203108430162,
        13.813925608415584,
        13.633858789387473,
        13.461225152188415,
        13.335371623326772,
        13.247929576209613,
        13.087795760145994,
        13.036608724360773,
        12.9579638940518,
        12.915400780954482,
        12.803682693878786,
        12.951459667125798,
        12.886438092091359,
        12.869375724392862,
        12.949956167248704,
        12.862700902654957,
        12.755357009799397,
        12.771538450450706,
        12.544814161857937,
        12.281364183113922,
        12.091776893750668,
        12.140487160328608,
        12.131993842451392,
        12.095276556917794,
        12.130374229633468,
        12.079395019553106,
        12.08713656488614,
        12.348327980934195,
        12.440163800973345,
        11.98741134031381,
        11.316368094709796,
        11.201493275069831,
        11.102654616050744,
        11.023051658313511,
        11.080486321466477,
        11.22400507378464,
        11.172306605525812,
        11.204084856670562,
        11.485838580683899,
        11.586073418532209,
        11.553201019674031,
        11.950410156261393,
        11.928408081206316,
        11.417718810284121,
        10.783479407674772,
        10.55213367293778,
        10.727236847140313,
        10.99342970503558,
        11.013406086731749,
        11.11973258435278,
        11.263609604799022,
        11.612631460072224,
        11.927364486102071,
        12.43303638075732,
        12.819844996170414,
        13.481931647391848,
        14.060704990410365,
        14.531684679953868,
        15.56087064716747,
        16.231009917006975,
        17.133209100953312,
        17.942279149969856,
        18.75043137992868,
        19.69393737925341,
        20.34339506118505,
        20.979423519208403,
        21.789324156555253,
        22.67823825143919,
        23.43030991693427,
        24.393992360532213,
        25.644603476825836
    ],
    "ti": [
        7.960651418704976,
        7.984802320320668,
        10.315956460702914,
        10.029999911503738,
        8.631955389007523,
        7.503334517725425,
        5.4714607730151625,
        6.273546515391152,
        7.006743796147692,
        6.840523131952794,
        6.331978029235894,
        5.415883967892949,
        6.137586730628227,
        6.555454446700167,
        7.321966124391589,
        7.433150648743384,
        7.321989269985029,
        7.346171778205908,
        8.296050295860976,
        9.665838131479134,
        10.546961313404749,
        12.020057903251264,
        12.355600931958145,
        13.164338258360456,
        15.28242703439354,
        16.94967879046746,
        16.723461401555184,
        15.847080940105826,
        15.244548073968328,
        13.741109130851367,
        13.534093687221771,
        12.276339936413855,
        10.564322982858169,
        9.75013587303582,
        9.01002777768064,
        8.067086008179762,
        8.35587232112948,
        9.871337321245742,
        10.486736748602066,
        12.375376979255975,
        10.675244614685466,
        10.040434186020223,
        11.471235577940746,
        14.24912094780885,
        12.857398741226842,
        15.10883287739385,
        15.054322473532286,
        15.492378028071684,
        16.7764649625929,
        18.246520776103914,
        21.710366255271275,
        23.644767144593946,
        24.29393817910453,
        24.407184053012326,
        20.607776224968287,
        15.248758987569024,
        14.276082480926975,
        13.860903545682174,
        12.170679332997931,
        10.407829267013872,
        8.47794466325447,
        8.253754893548251,
        9.092213237588105,
        8.8362562079633,
        8.975371695784677,
        9.83062625096261,
        10.366346865510241,
        11.079361394326455,
        11.454236122214619,
        11.94998676200768,
        12.616988341493299,
        13.29770830756301,
        14.252372142659311,
        14.778723079150515,
        15.426804976240856,
        16.182287382434414,
        16.93988528348418,
        17.502932048116335,
        17.99437358794741,
        18.59928541564719,
        19.149728602051464
    ],
    "settings": {
        "calculation_domain": "pq",
        "hdr_mode": "sdr",
        "bit_depth": 8,
        "color_range": "full",
        "eotf_function": "bt1886",
        "l_max": 300,
        "l_min": 0.1,
        "gamma": 2.4,
        "pu21_mode": "banding",
        "legacy": false,
        "version": "0.2.1"
    },
    "input_file": "NETFLIX_ElFuente_1920x1080_14296frames_2997fps_001835_001916.y4m"
}
