{
    "si": [
        15.846841781932428,
        15.847745273550617,
        15.841466732895926,
        15.772027863173479,
        15.57518712440785,
        15.61506519299996,
        15.62540102283056,
        15.402059812158958,
        15.323588995531244,
        15.15308161831596,
        15.143890065863536,
        15.198352427760046,
        15.314444349520404,
        15.301797104273327,
        15.138405000064884,
        15.02014939931305,
        15.037983999185903,
        15.077586533031804,
        15.08480415611785,
        15.008753736135484,
        14.940797445719273,
        15.114162129882633,
        15.180557377270171,
        15.449665399232156,
        15.563997769359315,
        15.465758109338495,
        15.46801013187064,
        15.450863935364326,
        15.488306331242885,
        15.429437161224294,
        15.351507987353031,
        15.607233499396369,
        15.684880904442974,
        15.655954938156002,
        15.319375325298406,
        15.149190796987478,
        14.865734179680238,
        14.353916021085725,
        13.962914282338073,
        13.838335538475933,
        13.712404153044574,
        13.588301909370744,
        13.762467878228904,
        14.221120573769468,
        14.755135962553,
        15.253906206998247,
        15.248196421815779,
        14.920131544022631,
        14.504711586562369,
        14.224121987983851,
        14.180051183076252,
        14.164325407304919,
        14.24765938164951,
        14.39016319694787,
        14.615828062193131,
        14.815651303482959,
        14.937581380432672,
        14.887021701946326,
        14.704529062230346,
        14.723127745377957,
        14.618881741527987,
        15.08937286368444,
        15.300296456168123,
        15.266518132713573,
        15.46204076590432,
        15.474308063407566,
        15.542899899485054,
        15.299090264562127,
        14.969400870002097,
        14.582526907564299,
        14.611741642319018,
        14.78283825063588,
        15.192805688163645,
        15.450489660587019,
        15.413019352651485,
        15.459971758875461,
        15.451411736602726,
        15.31356300698846,
        15.188282944715853,
        15.283234616538012,
        15.54854908940117
    ],
    "ti": [
        1.8943094939163874,
        2.179307558650362,
        2.562227345008907,
        3.8346411380386436,
        4.308727491124688,
        3.5450207987201474,
        3.6758765312213297,
        3.7781963475727838,
        3.819434264720513,
        4.054457527476569,
        4.091234536437873,
        3.821888121501697,
        3.3236309365054635,
        3.9543054070812973,
        4.66531677647932,
        4.514508573056648,
        4.35613085696305,
        4.134694774850171,
        3.809252647217276,
        3.8054042568968636,
        3.650362688096291,
        3.6328252731362736,
        3.715374983746745,
        2.9012938000081414,
        3.1834712797654583,
        3.099230618591187,
        2.87066775113853,
        2.8514475464502747,
        2.9536593647356457,
        3.1606533065245817,
        3.0303217846352615,
        2.7925488352673336,
        2.4323419758451683,
        3.116977892310603,
        3.6435891675220273,
        3.9426945312176955,
        4.020086430579422,
        3.9845811750529307,
        3.9764343563009117,
        3.808571423367663,
        3.7553307095007606,
        3.5885456425924533,
        3.1205850915191005,
        2.8969876369525767,
        2.9246603636314688,
        2.673130124560188,
        3.2268954590833165,
        3.596430266302135,
        3.923696402026531,
        4.176909801776609,
        4.248900138561568,
        4.358469992184068,
        4.451231889955745,
        4.3168312017545265,
        4.045100848809656,
        3.8943891135079176,
        3.853820804008428,
        3.882760012222809,
        3.882149889183427,
        3.8998325302642116,
        3.778998447764938,
        3.385097654820628,
        3.5406399554140147,
        3.6005170325348037,
        3.5961654304324804,
        3.6423340089050353,
        3.543253630675291,
        3.5352882043571503,
        3.3513444032337834,
        3.4019718071508365,
        3.4274590691269164,
        3.5389634041538662,
        3.5709249233426523,
        3.688369346224286,
        3.927360829854252,
        3.9854276626458396,
        4.1118096472110155,
        4.50062192428114,
        4.693129248644096,
        4.293855604451589
    ],
    "settings": {
        "calculation_domain": "pq",
        "hdr_mode": "sdr",
        "bit_depth": 8,
        "color_range": "full",
        "eotf_function": "bt1886",
        "l_max": 300,
        "l_min": 0.1,
        "gamma": 2.4,
        "pu21_mode": "banding",
        "legacy": false,
        "version": "0.2.1"
    },
    "input_file": "NETFLIX_ElFuente_1920x1080_14296frames_2997fps_006064_006144.y4m"
}
