{
    "si": [
        12.960316989887536,
        12.963420094520817,
        12.93856449576108,
        12.921137169236031,
        12.876840512200266,
        12.841561914187334,
        12.777420873204111,
        12.679365460786824,
        12.604831096445078,
        12.582075208156194,
        12.46458402673266,
        12.387915284670495,
        12.376461857201448,
        12.25890018401968,
        12.20571988758323,
        12.131124096820141,
        12.100131902411759,
        12.072336911360413,
        11.970780520653996,
        11.959805973767548,
        11.961623016557372,
        11.948656596178203,
        11.96666038374876,
        11.907391224897944,
        11.958321095120315,
        11.995239200946308,
        12.01175008588861,
        12.010036653263894,
        12.055396018314097,
        12.075556185770735,
        12.121754457253742,
        12.160953429992308,
        12.228792952480843,
        12.238948271992816,
        12.27202287363689,
        12.296439470669632,
        12.30779315407094,
        12.220677230153992,
        12.399577312774582,
        12.433559202662154,
        12.41075081131614,
        12.427203847785231,
        12.453103624903294,
        12.46883984329581,
        12.487536953814425,
        12.489246175709589,
        12.527805725554643,
        12.546408502738007,
        12.557643156244445,
        12.541305144854354,
        12.530534204315554,
        12.535962913598997,
        12.169419156517034,
        11.96216419360174,
        11.91129317811433,
        12.009012312612114,
        12.3329902039152,
        12.793792777678723,
        13.36268318317852,
        14.008073582040964,
        14.752653331142627,
        15.476949825137735,
        16.247218287306683,
        17.002851890925566,
        17.79398422335096,
        18.606060725785177,
        19.421794922314124,
        20.249386478033333,
        21.093958521910455,
        21.896818441165895,
        22.7315985866388,
        23.55565215017699,
        24.378823843661092,
        25.16523241486085,
        26.0014308659855,
        26.79972560595699,
        27.58028929160575,
        28.375122027073573,
        29.117876404730737,
        29.874061244084686
    ],
    "ti": [
        5.432755646561068,
        5.471260844912655,
        5.479773919736486,
        5.293415604784885,
        5.196697134997752,
        5.158584703894101,
        5.09053893645208,
        5.139106934922484,
        5.035056492734935,
        4.8922667913866125,
        4.927750452231048,
        4.895197935142943,
        4.901969400572532,
        4.906435256007906,
        4.95357774507834,
        4.9361780226193,
        4.886836853682179,
        4.922178653750524,
        4.909280924622249,
        4.925020250939913,
        4.844308969663219,
        4.806415210528272,
        4.982351374894308,
        4.7994335583894525,
        4.829298219423051,
        4.799703561332778,
        4.732714597473714,
        4.745234783435233,
        4.72602637762307,
        4.72474629873313,
        4.8156953963512,
        4.659400261033437,
        4.623305156303193,
        4.436857722031141,
        4.318648619287988,
        4.230958979800394,
        8.205166029775603,
        8.32684228162994,
        4.067807187575964,
        3.994604701341738,
        3.9700515225679687,
        3.8228658640519493,
        3.6606109324611245,
        3.5650294764682755,
        3.4730802170574857,
        3.308756266994315,
        3.2180666163154084,
        3.1629200867223255,
        3.1249126361508974,
        3.1480227409622312,
        3.0854041939241474,
        3.531880748213367,
        3.6521437095715306,
        3.754041056513354,
        3.7105812123186026,
        3.746854690124578,
        3.762830500917349,
        3.6982098813694826,
        3.7178647354777885,
        3.9032961402593993,
        4.104074995050547,
        4.196617125677265,
        4.335778097058846,
        4.491853876040862,
        4.638044506449504,
        4.854181723061783,
        5.133902165413396,
        5.3700848259095295,
        5.592459367871473,
        5.875902497469907,
        6.203399211241956,
        6.465398789878096,
        6.644735410204048,
        6.78892268846392,
        6.912048277874253,
        7.080658281868977,
        7.360216636386108,
        7.658673418414523,
        7.883197682797474
    ],
    "settings": {
        "calculation_domain": "pq",
        "hdr_mode": "sdr",
        "bit_depth": 8,
        "color_range": "full",
        "eotf_function": "bt1886",
        "l_max": 300,
        "l_min": 0.1,
        "gamma": 2.4,
        "pu21_mode": "banding",
        "legacy": false,
        "version": "0.2.1"
    },
    "input_file": "NETFLIX_ElFuente_1920x1080_14296frames_2997fps_013159_013238.y4m"
}
