{
    "si": [
        23.178511027173382,
        22.44965945672797,
        21.203180055341527,
        19.996821703512353,
        19.696322537779178,
        16.613650702890595,
        17.666231403934212,
        22.722887296351953,
        24.708122106221552,
        25.605140666385317,
        25.556438048656787,
        24.41554073125744,
        23.472017023216043,
        22.484438019740896,
        21.32756401877644,
        19.620256821818874,
        18.329884283382437,
        17.89551904896677,
        17.850191154622397,
        18.308158948648927,
        19.348822543156658,
        20.641525981512373,
        22.165778000914653,
        22.96189892241122,
        23.492274428013047,
        24.314862937948316,
        25.19126358450992,
        25.47550122059668,
        25.119572070257345,
        24.13667140657081,
        23.31810963594671,
        21.591780137718807,
        19.397137820243557,
        17.8404905182776,
        16.362063676009242,
        16.21582132297408,
        16.564260046518513,
        17.5950389422416,
        19.698844947718104,
        21.23155424523734,
        20.92699429859275,
        20.49184264049371,
        20.026804576568367,
        19.864925754787166,
        19.423100548442218,
        18.990132711636257,
        18.453632220422197,
        17.912756899088887,
        18.215483453047533,
        16.706279923434646,
        15.485914291788387,
        15.173247618439753,
        15.669775227324935,
        16.364390868603866,
        16.871853715249465,
        17.073555737782208,
        17.03192636395077,
        17.037654184313045,
        16.997973450504233,
        17.11323390406962,
        17.543169715168407,
        18.062713802967203,
        18.569971205206333,
        19.191208813781707,
        19.996092819160438,
        20.878935239815004,
        21.78064243576584,
        22.52229428687084
    ],
    "ti": [
        11.881008223119892,
        13.796070356646002,
        17.54246125577725,
        20.429895228042163,
        23.62391646708893,
        25.19117587340382,
        27.262403771442933,
        28.968610646172774,
        31.434107428839816,
        22.64681034966835,
        11.493230643566415,
        11.384075684027422,
        11.155820638901538,
        11.945286138540071,
        11.555618757182241,
        9.824620176578726,
        8.35679546946428,
        7.111282101797003,
        6.655781215456974,
        7.792781291496436,
        12.367107668948472,
        14.713500047386477,
        13.705863113730736,
        12.942420176384173,
        12.610008778017948,
        9.244302813182054,
        6.307820384157365,
        10.036091429191494,
        14.504873034790503,
        15.842481409277262,
        14.004007718253753,
        10.145997615396265,
        11.001056431251625,
        10.232141372193405,
        10.87728462740293,
        10.90623902701899,
        11.088127485599623,
        11.469188795223433,
        12.445975293077522,
        8.93880786305557,
        7.9186445443465585,
        8.75610527798552,
        10.635250069527482,
        10.338445932610332,
        10.991000575919504,
        19.984808505903818,
        22.154517140885748,
        18.79023398554438,
        17.93589533012942,
        14.581849210303556,
        14.637440314048456,
        13.600427314599774,
        10.429274751341064,
        7.894619680036435,
        6.088686614530345,
        5.523649794672241,
        6.113098570821015,
        6.803878597697648,
        7.0995671569371686,
        6.867561402152527,
        6.207822668237631,
        5.261224102279039,
        4.819294437511803,
        5.096448100754393,
        6.376046461668754,
        6.259222245279642,
        3.800474136310928
    ],
    "settings": {
        "calculation_domain": "pq",
        "hdr_mode": "sdr",
        "bit_depth": 8,
        "color_range": "full",
        "eotf_function": "bt1886",
        "l_max": 300,
        "l_min": 0.1,
        "gamma": 2.4,
        "pu21_mode": "banding",
        "legacy": false,
        "version": "0.2.1"
    },
    "input_file": "NETFLIX_ElFuente_1920x1080_14296frames_2997fps_005508_005575.y4m"
}
