{
    "si": [
        27.2175888531028,
        26.483726677609386,
        26.1494010185876,
        26.113579083600868,
        26.09129834026439,
        26.088843986536716,
        26.088529686957237,
        26.076563694925255,
        26.071223739805117,
        26.046283559684827,
        26.043727710084724,
        26.060552048928496,
        26.067232011951624,
        26.072125706315877,
        26.074877192275462,
        26.07286491515546,
        26.076852211517558,
        26.054240719031274,
        26.048896481023387,
        26.01518344039993,
        25.988899540017616,
        26.00066110298545,
        25.980868267551294,
        25.953008877942764,
        25.938051705337738,
        25.912738394600623,
        25.879174598189337,
        25.887583344014597,
        25.875519240318084,
        25.845337663759434,
        25.86000945587111,
        25.884199903687637,
        25.88210869642455,
        25.842025214106513,
        25.83684213407953,
        25.796921962069014,
        25.792605358678134,
        25.744639762790566,
        25.771259720242092,
        25.78020472143115,
        25.74586701678747,
        25.739871728180834,
        25.665470607301824,
        25.65699436654672,
        25.68809333600557,
        25.689270991492382,
        25.68088940098798,
        25.646040748603312,
        25.074949163788553,
        23.964256211673717,
        22.869186919130517,
        21.82785988754264,
        20.8202362972214,
        19.87943952901904,
        18.957525544016566,
        18.129311762511666,
        17.46417516473348,
        16.87821693685776,
        16.415097462576128,
        16.104543984855912,
        15.886955445926816,
        15.887613967148047,
        16.071472815693333,
        16.382660757850747,
        16.835318628027217,
        17.56284522971439,
        18.47208623967097,
        19.447114372441327,
        20.488568693493555,
        21.643072522901754,
        22.991268450447386
    ],
    "ti": [
        6.017710713840693,
        5.461005350617047,
        5.094323350194549,
        4.585670896242654,
        3.740675600391162,
        2.9169112755213216,
        2.9861833870183303,
        2.659336439184026,
        2.998838484592903,
        3.429620526527723,
        3.3709338487057896,
        3.2627575166986307,
        3.0051043691719608,
        2.8765702323120856,
        3.266594322604317,
        3.2206326141383794,
        2.5522012978498503,
        3.2138684585554267,
        3.849876625629471,
        5.049746272000102,
        4.6988455210617435,
        3.842853022546984,
        3.24398371853172,
        2.7467921053392166,
        2.8529111894757975,
        3.596771362378698,
        3.857339146314652,
        3.480458059946055,
        4.418823772304613,
        4.771560120077691,
        3.4597986812658834,
        1.5683333636459047,
        2.6462534975960037,
        3.154049418642741,
        3.654018977408905,
        4.3962788251573945,
        4.854127221958025,
        5.1671946020437645,
        4.591056783586385,
        4.804678844717671,
        5.106838084749517,
        5.551078575256424,
        5.439668300564014,
        4.175112342436653,
        2.3162897986397626,
        1.4570658836067718,
        2.202235331527641,
        3.276854502461051,
        2.9929832704861057,
        3.044902082630797,
        2.3120185278304874,
        2.679527749100248,
        2.437463338264909,
        2.4350895587857724,
        2.906000653710473,
        3.234498590013143,
        3.310286287960978,
        3.5613242582595843,
        3.7760368544269083,
        4.085197426520477,
        3.870571062748867,
        3.5060256084680916,
        3.7977682094296736,
        3.598693546080022,
        3.9674257537169333,
        4.132799173157084,
        4.485215323111325,
        4.717123006688304,
        6.068434858015856,
        6.0044390555528295
    ],
    "settings": {
        "calculation_domain": "pq",
        "hdr_mode": "sdr",
        "bit_depth": 8,
        "color_range": "full",
        "eotf_function": "bt1886",
        "l_max": 300,
        "l_min": 0.1,
        "gamma": 2.4,
        "pu21_mode": "banding",
        "legacy": false,
        "version": "0.2.1"
    },
    "input_file": "NETFLIX_ElFuente_1920x1080_14296frames_2997fps_002256_002326.y4m"
}
