{
    "si": [
        15.297518024625626,
        15.536424181116143,
        15.630463733182156,
        15.573674575878481,
        15.59158759116298,
        15.784780002686649,
        15.871909812599698,
        15.905260689564404,
        16.045689040797388,
        16.15995606466583,
        16.347803994978932,
        16.45296493301906,
        16.415740374710783,
        16.22926590807653,
        16.15956505565393,
        15.987936223612286,
        15.620295133485271,
        15.459780938372472,
        15.368909009239555,
        15.400638401477174,
        15.571334556266413,
        15.616191098067885,
        15.609787714314644,
        15.529160038843825,
        15.273097463332201,
        15.186066532281627,
        15.185032375367612,
        15.151626127147802,
        15.254576917438591,
        15.34385020197274,
        15.250738355633066,
        15.063317252834976,
        14.932846139098988,
        14.929476904368235,
        14.820205288165262,
        14.708731274690038,
        14.579119637664984,
        14.317363415246747,
        14.102935783222796,
        13.895779321779811,
        13.821858332429395,
        13.657836052915178,
        13.456220013108027,
        13.28994338038352,
        13.259342800644301,
        13.151265930958415,
        12.85683215796005,
        12.715918536163919,
        12.492493083315194,
        12.129581795582604,
        11.818393947719727,
        11.564425858173697,
        11.520309039610083,
        11.35222236797106,
        11.367416643414767,
        11.366197762670831,
        11.235053824274464,
        11.223152608226291,
        11.220639130046505,
        11.3146695339082,
        11.360946041448235,
        11.505588128397282,
        11.507656093809798,
        11.526380822257892,
        11.509802355361826,
        11.584712629890388,
        11.66711113205809,
        11.763404185218498,
        11.900963533013895,
        11.88925069403101,
        11.863507736018851,
        11.765403759952187,
        11.571634999310287,
        10.946936070581044,
        10.262130746716975,
        9.893090892905736,
        9.65683928875782,
        9.562011454106292,
        9.67962392510438,
        9.954160836215962,
        10.348382756919435,
        11.108100628489828,
        12.145577593147735,
        13.275287050509297,
        14.298922838992691,
        15.789907318608519,
        17.66058074952841,
        19.272465143901105
    ],
    "ti": [
        7.209356017821189,
        7.470556297657251,
        8.126216300322307,
        8.335092269266664,
        8.364014609103922,
        8.3990257639845,
        8.614668961368835,
        8.647934421275313,
        8.484946188608257,
        8.61082641940923,
        8.782860337408865,
        8.616574656597448,
        8.422151774456271,
        8.013736641418804,
        7.669728791632033,
        7.612448659348224,
        8.003836661824234,
        8.031787020525796,
        7.952262243988785,
        7.639769137957987,
        7.340342702386126,
        7.264723984204094,
        7.277973945569211,
        7.414954342710677,
        7.421900585377507,
        7.270492455381738,
        7.1818650687205565,
        7.062210842928332,
        6.9078989956656995,
        6.658249395885732,
        6.520102609758661,
        6.396176342233309,
        6.261269150140913,
        6.187970612002631,
        6.1820495918839,
        6.133768788037437,
        6.132644140325187,
        6.042354015679074,
        6.170323253482552,
        6.314687351737483,
        6.285777318616993,
        5.971239724951084,
        5.897405274618339,
        5.754060696198457,
        5.6725897981439335,
        5.600846964339661,
        5.601179196342202,
        5.8245261648549524,
        5.952135578144536,
        6.061881051399198,
        6.199267176240551,
        6.119617592185137,
        5.836062683619057,
        5.929526046847741,
        5.422927779239793,
        5.213583717908032,
        4.929247280842573,
        4.7216010120537755,
        5.056602135652521,
        5.41013528530986,
        5.014745199339219,
        5.035119822792971,
        4.956583383447827,
        5.052296175743372,
        5.04621684115483,
        5.1314929031631555,
        5.129025784041152,
        5.2245696133053965,
        5.421956812439582,
        5.678120503765292,
        5.50200847754802,
        5.321561772204797,
        5.442217454695636,
        5.724147241624715,
        5.674340532041158,
        5.319553771489963,
        5.353385652589651,
        5.757209274814897,
        6.2485161945744565,
        6.74864568356555,
        7.236758617192729,
        7.810220953025864,
        8.289581694683614,
        9.073031685376991,
        10.11911082927848,
        10.424201248362559,
        11.814280398304483
    ],
    "settings": {
        "calculation_domain": "pq",
        "hdr_mode": "sdr",
        "bit_depth": 8,
        "color_range": "full",
        "eotf_function": "bt1886",
        "l_max": 300,
        "l_min": 0.1,
        "gamma": 2.4,
        "pu21_mode": "banding",
        "legacy": false,
        "version": "0.2.1"
    },
    "input_file": "NETFLIX_ElFuente_1920x1080_14296frames_2997fps_009084_009171.y4m"
}
