{
    "si": [
        26.73651475498933,
        26.715877895540483,
        26.73620052978075,
        26.76756309072207,
        26.77854838017236,
        26.78090565671218,
        26.7997166444338,
        26.801876889374736,
        26.893817040484446,
        26.92478299586308,
        26.951626613806518,
        27.037699091516483,
        27.034646547319802,
        27.10095452421849,
        27.220076767852195,
        27.18259846847911,
        27.12580326009161,
        26.997758344320353,
        26.82387301190671,
        26.748067202183798,
        26.617372987278472,
        26.57305483173528,
        26.668133809780414,
        26.66727467967631,
        26.681757021638976,
        26.79217900684881,
        26.90515469253375,
        26.755674981891097,
        26.675007600083603,
        26.684345074081104,
        26.774946445665606,
        26.866771355441976,
        26.949674957889833,
        27.020036001940362,
        27.047720532726295,
        27.01257315786136,
        26.97430320335027,
        26.96995388720017,
        26.96471819570095,
        26.981157343076465,
        26.979145053767915,
        26.972123271153805,
        26.991030202441795,
        27.023942614022012,
        27.021182241576927,
        27.00673558613956,
        27.052227766784636,
        27.112540193556157,
        27.185442956117193,
        27.206490001832055,
        27.213473920323054,
        27.290268706976246,
        26.101033808271115,
        23.661997630008614,
        21.522659866294795,
        19.596514616487667,
        17.79982828280877,
        16.434569457617812,
        15.504288828788177,
        15.449351508802096,
        15.220370695980224,
        17.89637550187192,
        17.003739161386786,
        18.675767307640523
    ],
    "ti": [
        5.790449576847882,
        5.9793288907924484,
        5.989314158017072,
        5.994635524882615,
        6.132547890712533,
        6.121667609665891,
        6.309539156544247,
        6.310088974095999,
        6.175598534877279,
        6.172672729883902,
        5.831916933550583,
        5.486704769384288,
        5.039414397102513,
        4.6479590673695625,
        4.178417514977439,
        3.9512360269729614,
        4.3437930768506785,
        4.7367931611499134,
        5.182684219386365,
        5.450596816291611,
        5.836836076334996,
        6.00191582679391,
        6.288992568968767,
        6.463993029054221,
        6.492964818105959,
        6.6142182185220655,
        6.17945507894808,
        6.178920343249522,
        6.149154025556111,
        5.7819112612461945,
        5.434403230633895,
        5.29304074200372,
        5.012606245068821,
        4.618276677872432,
        4.188662771752242,
        4.002889623112695,
        3.9245259094800513,
        3.937384000395247,
        4.053800063588509,
        4.298662265955046,
        4.715778942201017,
        4.977473202078314,
        4.879495510671121,
        4.565749700208815,
        4.569280651417569,
        4.529427235489598,
        4.495231876250837,
        4.341097092392775,
        4.175810479631843,
        4.108436650688458,
        4.360822182077557,
        4.968324930922598,
        6.0498214251449305,
        5.747941668087908,
        5.433160023528825,
        5.472676156948317,
        6.118561606288542,
        6.9580517004713185,
        7.386683848543118,
        7.180724883015993,
        9.18352494011534,
        9.117958298166627,
        10.011210061488812
    ],
    "settings": {
        "calculation_domain": "pq",
        "hdr_mode": "sdr",
        "bit_depth": 8,
        "color_range": "full",
        "eotf_function": "bt1886",
        "l_max": 300,
        "l_min": 0.1,
        "gamma": 2.4,
        "pu21_mode": "banding",
        "legacy": false,
        "version": "0.2.1"
    },
    "input_file": "NETFLIX_ElFuente_1920x1080_14296frames_2997fps_002928_002991.y4m"
}
