{
    "si": [
        29.773544326058765,
        29.76588266396678,
        29.74066396716506,
        29.609480253785648,
        29.493377900520397,
        29.444665494165907,
        29.41557441974447,
        29.368186045287686,
        29.334581758923544,
        29.288336824717543,
        29.239247374722403,
        29.21264142096725,
        29.20666109301537,
        29.24374781695833,
        29.23176170645327,
        29.23537146572544,
        29.229095773118033,
        29.253758319800287,
        29.304255722925312,
        29.410207664937424,
        29.456800533776047,
        29.48162122600779,
        29.475250071715852,
        29.49730042506731,
        29.607692207900175,
        29.774539917034282,
        29.839145004870584,
        29.880566875842774,
        29.888008852103727,
        29.930324729039892,
        30.006496792272724,
        30.052613798397225,
        30.085290493175826,
        30.081018751907433,
        30.074007765679696,
        30.10899742570506,
        30.06986496390598,
        30.048547932211378,
        30.067944740841035,
        30.08430038870446,
        30.0905675331379,
        30.12587573405001,
        30.20054468604423,
        30.236649860445876,
        30.223744013792093,
        30.216240999111534,
        30.219879243317052,
        30.266094699388834,
        30.34376931780565,
        30.44022349820606,
        30.49444373992917,
        30.542797853862385,
        30.55479366174525,
        30.645773656894544,
        30.746723628112118,
        30.835455264702954,
        30.857847600926124,
        30.867784187628104,
        30.88041633877437,
        30.88490748268186,
        30.014933607445617,
        29.11153788939638,
        28.217482414592457,
        27.39260554406373,
        26.602085814130586,
        25.863394435197034,
        25.18651316409612,
        24.493921944149225,
        23.781167295248693,
        23.0527869197455,
        22.48926312623623,
        22.179804078089894,
        21.598467380005957,
        20.987916087402542,
        20.662336564139586,
        20.48354420292979,
        20.347904199694646,
        19.870290400467102,
        19.101944589660313,
        18.488689678796757,
        17.936913003675937,
        17.617055737180365,
        17.56846043505991,
        17.997617762410115,
        18.755274679002238,
        19.3711380703672,
        20.009966294300106,
        20.395546972454735,
        20.53076910436416
    ],
    "ti": [
        4.073007617853542,
        3.5988586456949427,
        2.8437524421281704,
        2.80531972076997,
        2.641203196066458,
        2.400046899173949,
        2.4477676395074983,
        3.701380877601097,
        3.6736817621587914,
        3.09275264750547,
        2.432742999404066,
        2.9841799041019152,
        3.3939513543160627,
        2.5872794564128663,
        2.398655467766451,
        2.5708772958946677,
        2.1934523920012086,
        2.9351278942605195,
        3.150186787282339,
        2.5653788033873317,
        2.606097153930294,
        2.4980370733994848,
        2.3283330824491677,
        2.919360717278592,
        3.1633811699594347,
        2.870168483006995,
        2.537160875243801,
        2.2547124527117366,
        2.2495347850325897,
        3.032488409609586,
        3.2137201429031257,
        2.525448558205333,
        2.2493077772925822,
        2.2209501373020912,
        2.3232589375001944,
        2.8793858710018174,
        3.1162557576594154,
        2.8015966502999654,
        2.312522757380818,
        2.8065180070365527,
        2.987151848593429,
        3.4799442819517754,
        2.8640008557890364,
        2.7460451264032053,
        3.0494188777938187,
        3.823615093733439,
        3.13554605048243,
        3.1815293844478885,
        3.0070097115944843,
        2.4607675145390715,
        2.368444561699842,
        2.220063712274492,
        2.4122339186642563,
        2.9991763497574704,
        3.011201986520773,
        2.3784907074122073,
        2.2257397209084964,
        2.364371528139645,
        2.1586497132954103,
        2.8555460596379785,
        3.4997354140567807,
        3.645894177169875,
        3.6210195517470307,
        4.015841047202722,
        4.20709578644144,
        4.370502386866179,
        4.50407050064078,
        4.980660554896973,
        5.526099630515843,
        6.1127796624684,
        5.767493048056234,
        4.831795508594317,
        5.167731647976469,
        5.483091052824503,
        5.72303040645085,
        6.078466081148061,
        6.521024791963646,
        8.022706241090965,
        9.58748920008558,
        10.81975909577856,
        11.357579131324261,
        11.83711291182078,
        11.628198840376795,
        11.424691017741583,
        10.754239083250194,
        10.723142955095971,
        10.193696062807051,
        9.823330358890027
    ],
    "settings": {
        "calculation_domain": "pq",
        "hdr_mode": "sdr",
        "bit_depth": 8,
        "color_range": "full",
        "eotf_function": "bt1886",
        "l_max": 300,
        "l_min": 0.1,
        "gamma": 2.4,
        "pu21_mode": "banding",
        "legacy": false,
        "version": "0.2.1"
    },
    "input_file": "NETFLIX_ElFuente_1920x1080_14296frames_2997fps_010769_010857.y4m"
}
